,Player,Pos,Age,Tm,G,GS,MP,FG,FGA,FG%,3P,3PA,3P%,2P,2PA,2P%,FT,FTA,FT%,ORB,DRB,TRB,AST,STL,BLK,TOV,PF,PTS,current_year
0,Arron Afflalo,SG,24.0,DEN,6.0,6.0,120.0,6.0,9.6,0.625,1.8,4.2,0.429,4.2,5.4,0.778,2.7,3.3,0.818,0.3,3.3,3.6,2.1,0.3,0.6,1.2,6.3,16.5,2010
1,LaMarcus Aldridge,PF,24.0,POR,6.0,6.0,229.0,6.3,14.6,0.43,0.2,0.3,0.5,6.1,14.3,0.429,5.2,6.9,0.75,1.6,4.1,5.7,2.0,1.1,1.7,1.7,2.5,17.9,2010
2,Malik Allen,PF,31.0,DEN,4.0,0.0,11.0,0.0,3.3,0.0,0.0,0.0,,0.0,3.3,0.0,0.0,0.0,,6.5,3.3,9.8,0.0,3.3,0.0,0.0,6.5,0.0,2010
3,Ray Allen,SG,34.0,BOS,24.0,24.0,925.0,5.1,11.8,0.431,2.2,5.6,0.386,2.9,6.2,0.47200000000000003,2.7,3.1,0.863,0.5,2.6,3.1,2.5,0.9,0.1,1.4,2.9,15.1,2010
4,Tony Allen,SG,28.0,BOS,24.0,0.0,391.0,4.3,9.0,0.48,0.0,0.5,0.0,4.3,8.6,0.505,2.6,3.3,0.778,1.2,2.6,3.8,1.6,2.3,1.3,2.1,5.3,11.2,2010
5,Lou Amundson,PF,27.0,PHO,16.0,0.0,194.0,3.5,6.7,0.528,0.0,0.0,,3.5,6.7,0.528,1.7,3.9,0.429,5.6,4.8,10.4,0.2,1.1,1.3,1.1,5.8,8.7,2010
6,Chris Andersen,PF,31.0,DEN,6.0,0.0,116.0,2.8,5.3,0.529,0.0,0.0,,2.8,5.3,0.529,2.8,4.3,0.643,2.2,6.2,8.4,0.3,0.3,1.9,1.2,4.3,8.4,2010
7,Ryan Anderson,PF,21.0,ORL,9.0,0.0,89.0,3.6,11.7,0.31,1.6,5.7,0.28600000000000003,2.0,6.1,0.33299999999999996,0.4,0.4,1.0,3.2,9.3,12.5,1.2,0.8,0.8,2.0,4.9,9.3,2010
8,Carmelo Anthony,SF,25.0,DEN,6.0,6.0,254.0,9.1,19.6,0.46399999999999997,0.9,2.7,0.316,8.2,16.9,0.48700000000000004,7.1,8.1,0.877,2.0,5.2,7.2,2.8,1.7,0.4,3.0,3.7,26.1,2010
9,Joel Anthony,C,27.0,MIA,5.0,0.0,79.0,2.3,3.2,0.7140000000000001,0.0,0.0,,2.3,3.2,0.7140000000000001,1.4,1.8,0.75,2.7,1.4,4.1,0.5,0.9,2.3,0.5,4.1,5.9,2010
10,Carlos Arroyo,PG,30.0,MIA,5.0,5.0,115.0,3.8,8.1,0.462,0.0,0.3,0.0,3.8,7.8,0.48,0.6,0.6,1.0,0.6,2.2,2.8,3.4,0.9,0.0,0.9,2.8,8.1,2010
11,D.J. Augustin,PG,22.0,CHA,4.0,0.0,73.0,2.5,8.4,0.294,1.0,3.0,0.33299999999999996,1.5,5.4,0.273,2.5,3.0,0.833,0.5,1.5,2.0,3.5,0.5,0.5,2.0,2.0,8.4,2010
12,Jeff Ayres,C,22.0,POR,3.0,0.0,17.0,4.2,8.5,0.5,0.0,0.0,,4.2,8.5,0.5,6.4,8.5,0.75,4.2,0.0,4.2,0.0,4.2,6.4,2.1,2.1,14.8,2010
13,Leandro Barbosa,PG,27.0,PHO,16.0,0.0,250.0,6.2,14.8,0.41700000000000004,1.7,5.0,0.34299999999999997,4.5,9.8,0.456,2.4,3.5,0.708,0.3,2.7,3.0,2.9,0.7,0.3,2.2,4.8,16.6,2010
14,J.J. Barea,PG,25.0,DAL,6.0,0.0,105.0,5.1,12.7,0.405,1.4,3.4,0.4,3.8,9.3,0.40700000000000003,0.3,1.0,0.33299999999999996,1.4,2.7,4.1,5.1,0.7,0.3,3.4,4.5,12.0,2010
15,Matt Barnes,SF,29.0,ORL,14.0,14.0,326.0,3.3,8.3,0.4,1.3,3.5,0.375,2.0,4.7,0.419,1.9,2.2,0.85,1.8,5.5,7.3,2.1,1.1,0.3,1.1,3.1,9.8,2010
16,Brandon Bass,PF,24.0,ORL,7.0,0.0,42.0,6.0,11.1,0.5379999999999999,0.0,0.0,,6.0,11.1,0.5379999999999999,4.3,5.1,0.833,1.7,5.1,6.9,0.9,0.0,0.0,0.9,1.7,16.3,2010
17,Nicolas Batum,SF,21.0,POR,6.0,6.0,139.0,4.4,9.6,0.45899999999999996,2.3,5.4,0.429,2.1,4.1,0.5,1.6,2.1,0.75,1.0,3.9,4.9,1.3,0.5,0.0,1.0,3.4,12.7,2010
18,Jerryd Bayless,SG,21.0,POR,6.0,2.0,166.0,6.1,14.1,0.431,1.3,3.3,0.4,4.8,10.8,0.44,4.1,5.2,0.792,0.9,2.6,3.5,5.0,0.4,0.0,1.7,4.6,17.6,2010
19,Michael Beasley,PF,21.0,MIA,5.0,5.0,135.0,5.9,13.1,0.449,0.3,0.5,0.5,5.6,12.5,0.447,1.9,2.4,0.778,2.7,5.1,7.7,0.8,1.1,0.0,3.5,2.7,13.9,2010
21,Rodrigue Beaubois,PG,21.0,DAL,4.0,0.0,31.0,10.5,22.1,0.474,2.3,7.0,0.33299999999999996,8.1,15.1,0.5379999999999999,1.2,3.5,0.33299999999999996,2.3,4.6,7.0,4.6,0.0,0.0,3.5,5.8,24.4,2010
22,Charlie Bell,SG,30.0,MIL,3.0,0.0,8.0,0.0,9.0,0.0,0.0,4.5,0.0,0.0,4.5,0.0,0.0,0.0,,0.0,0.0,0.0,0.0,0.0,0.0,0.0,9.0,0.0,2010
23,Mike Bibby,PG,31.0,ATL,11.0,11.0,292.0,4.4,9.9,0.45,1.7,4.2,0.41200000000000003,2.7,5.7,0.478,0.9,1.2,0.7,0.6,2.8,3.5,3.5,1.1,0.0,1.5,3.2,11.5,2010
24,Chauncey Billups,PG,33.0,DEN,6.0,6.0,207.0,6.4,14.4,0.446,1.9,5.4,0.355,4.5,9.0,0.5,6.4,7.3,0.8809999999999999,0.2,2.3,2.4,6.6,1.0,0.5,3.1,4.2,21.2,2010
25,DeJuan Blair,PF,20.0,SAS,10.0,0.0,91.0,6.3,12.7,0.5,0.0,0.0,,6.3,12.7,0.5,2.0,3.6,0.556,7.5,7.9,15.4,2.0,2.0,1.6,0.8,7.1,14.6,2010
26,Keith Bogans,SF,29.0,SAS,8.0,0.0,55.0,1.3,6.5,0.2,0.7,3.9,0.16699999999999998,0.7,2.6,0.25,0.0,0.0,,0.7,3.3,3.9,1.3,1.3,0.7,1.3,5.9,3.3,2010
27,Matt Bonner,PF,29.0,SAS,10.0,0.0,173.0,4.0,9.2,0.43200000000000005,2.1,5.6,0.37,1.9,3.5,0.529,0.4,0.4,1.0,1.5,5.2,6.7,0.8,0.2,0.6,1.5,4.6,10.4,2010
28,Carlos Boozer,PF,28.0,UTA,10.0,10.0,402.0,8.0,15.0,0.53,0.0,0.0,,8.0,15.0,0.53,1.7,3.1,0.5429999999999999,3.0,8.9,11.8,2.7,0.4,0.6,2.1,3.4,17.6,2010
29,Primož Brezec,C,30.0,MIL,4.0,0.0,25.0,5.8,10.1,0.5710000000000001,0.0,0.0,,5.8,10.1,0.5710000000000001,1.4,2.9,0.5,1.4,2.9,4.3,0.0,1.4,0.0,0.0,7.2,13.0,2010
30,Derrick Brown,SF,22.0,CHA,2.0,0.0,1.0,36.0,36.0,1.0,0.0,0.0,,36.0,36.0,1.0,0.0,0.0,,0.0,0.0,0.0,0.0,0.0,0.0,0.0,0.0,72.0,2010
31,Devin Brown,SG,31.0,CHI,1.0,0.0,2.0,18.0,18.0,1.0,0.0,0.0,,18.0,18.0,1.0,0.0,18.0,0.0,0.0,18.0,18.0,0.0,0.0,0.0,0.0,0.0,36.0,2010
32,Shannon Brown,SG,24.0,LAL,23.0,0.0,324.0,4.7,11.9,0.39299999999999996,1.0,3.6,0.281,3.7,8.3,0.44,2.2,3.1,0.7140000000000001,0.8,2.4,3.2,2.2,1.1,0.8,1.4,4.1,12.6,2010
33,Kobe Bryant,SG,31.0,LAL,23.0,23.0,923.0,9.1,19.9,0.45799999999999996,1.9,5.1,0.374,7.2,14.8,0.48700000000000004,6.0,7.1,0.8420000000000001,1.0,4.4,5.4,4.9,1.2,0.6,3.1,2.9,26.2,2010
34,Caron Butler,SG,29.0,DAL,6.0,6.0,202.0,7.7,17.6,0.434,1.2,4.1,0.304,6.4,13.5,0.474,4.5,4.8,0.9259999999999999,0.5,5.7,6.2,1.4,1.6,0.9,2.7,2.9,21.0,2010
35,Andrew Bynum,C,22.0,LAL,23.0,23.0,561.0,5.1,9.6,0.537,0.0,0.0,,5.1,9.6,0.537,2.4,3.6,0.679,3.8,6.4,10.2,0.8,0.4,2.3,1.3,3.9,12.7,2010
36,Marcus Camby,C,35.0,POR,6.0,6.0,178.0,3.2,7.7,0.42100000000000004,0.0,0.2,0.0,3.2,7.5,0.43200000000000005,0.6,1.2,0.5,3.2,8.9,12.1,2.8,0.8,1.4,0.6,3.6,7.1,2010
37,Matt Carroll,SG,29.0,DAL,1.0,0.0,5.0,7.2,7.2,1.0,0.0,0.0,,7.2,7.2,1.0,0.0,0.0,,0.0,7.2,7.2,0.0,0.0,0.0,0.0,0.0,14.4,2010
38,Anthony Carter,PG,34.0,DEN,1.0,0.0,7.0,0.0,5.1,0.0,0.0,0.0,,0.0,5.1,0.0,0.0,0.0,,0.0,0.0,0.0,15.4,0.0,0.0,0.0,0.0,0.0,2010
39,Vince Carter,SG,33.0,ORL,14.0,14.0,480.0,5.5,13.8,0.402,0.9,3.8,0.235,4.6,10.0,0.466,4.3,5.2,0.826,0.7,3.7,4.4,2.4,0.9,0.2,1.6,3.7,16.3,2010
40,Mario Chalmers,PG,23.0,MIA,5.0,0.0,131.0,4.9,11.0,0.45,1.9,5.5,0.35,3.0,5.5,0.55,3.0,3.6,0.846,0.3,2.2,2.5,3.6,0.8,0.0,3.3,4.9,14.8,2010
42,Tyson Chandler,C,27.0,CHA,4.0,0.0,60.0,3.6,6.6,0.545,0.0,0.0,,3.6,6.6,0.545,1.2,1.8,0.667,1.8,4.2,6.0,1.2,1.2,1.8,2.4,9.6,8.4,2010
43,Earl Clark,PF,22.0,PHO,3.0,0.0,13.0,2.8,8.3,0.33299999999999996,0.0,0.0,,2.8,8.3,0.33299999999999996,5.5,5.5,1.0,0.0,5.5,5.5,2.8,2.8,0.0,5.5,2.8,11.1,2010
44,Jarron Collins,C,31.0,PHO,11.0,10.0,115.0,1.6,4.7,0.33299999999999996,0.0,0.0,,1.6,4.7,0.33299999999999996,0.6,0.6,1.0,2.8,2.5,5.3,0.0,0.3,0.3,0.9,6.9,3.8,2010
45,Jason Collins,C,31.0,ATL,3.0,0.0,10.0,10.8,18.0,0.6,0.0,0.0,,10.8,18.0,0.6,0.0,0.0,,10.8,7.2,18.0,0.0,0.0,0.0,3.6,25.2,21.6,2010
46,Nick Collison,C,29.0,OKC,6.0,0.0,129.0,2.2,6.7,0.33299999999999996,0.0,0.3,0.0,2.2,6.4,0.348,0.8,2.0,0.429,3.3,4.5,7.8,0.6,1.4,0.3,1.1,5.6,5.3,2010
47,Jamal Crawford,SG,29.0,ATL,11.0,0.0,351.0,5.7,15.8,0.364,1.8,5.1,0.36,3.9,10.7,0.365,5.0,5.9,0.845,0.1,3.0,3.1,3.1,0.9,0.1,2.1,2.7,18.4,2010
48,Dante Cunningham,PF,22.0,POR,5.0,0.0,42.0,7.7,12.9,0.6,0.0,0.9,0.0,7.7,12.0,0.643,4.3,5.1,0.833,4.3,6.9,11.1,0.0,4.3,0.0,2.6,8.6,19.7,2010
49,Erick Dampier,C,34.0,DAL,5.0,4.0,118.0,0.0,2.4,0.0,0.0,0.0,,0.0,2.4,0.0,1.5,3.7,0.41700000000000004,5.5,4.6,10.1,0.9,0.3,1.5,1.8,5.8,1.5,2010
50,Marquis Daniels,SF,29.0,BOS,11.0,0.0,37.0,4.9,12.6,0.385,1.0,1.9,0.5,3.9,10.7,0.364,5.8,5.8,1.0,4.9,4.9,9.7,1.0,0.0,0.0,2.9,3.9,16.5,2010
51,Glen Davis,PF,24.0,BOS,24.0,1.0,483.0,4.4,9.2,0.47600000000000003,0.0,0.2,0.0,4.4,9.0,0.488,4.2,5.9,0.722,2.9,5.2,8.1,0.7,1.4,0.7,1.6,4.0,13.0,2010
52,Carlos Delfino,SF,27.0,MIL,7.0,7.0,226.0,4.1,11.6,0.35600000000000004,2.4,5.9,0.405,1.8,5.7,0.306,0.5,0.6,0.75,0.5,4.0,4.5,2.9,0.8,0.3,1.9,2.2,11.2,2010
53,Luol Deng,SF,24.0,CHI,5.0,5.0,203.0,6.6,14.2,0.46299999999999997,0.2,2.1,0.083,6.4,12.1,0.529,3.4,4.6,0.731,1.4,3.0,4.4,1.2,1.1,0.7,0.5,2.7,16.7,2010
54,Boris Diaw,PF,27.0,CHA,4.0,4.0,152.0,3.3,6.6,0.5,0.2,2.1,0.111,3.1,4.5,0.684,0.2,0.5,0.5,1.7,3.1,4.7,3.8,0.2,0.7,2.8,2.6,7.1,2010
55,Travis Diener,PG,27.0,POR,2.0,0.0,7.0,0.0,0.0,,0.0,0.0,,0.0,0.0,,0.0,0.0,,0.0,0.0,0.0,10.3,0.0,0.0,0.0,0.0,0.0,2010
56,Goran Dragić,PG,23.0,PHO,16.0,0.0,237.0,6.5,15.2,0.43,2.0,6.1,0.325,4.6,9.1,0.5,3.5,4.7,0.742,1.5,2.9,4.4,5.5,0.6,0.2,2.4,2.7,18.5,2010
57,Jared Dudley,SF,24.0,PHO,16.0,0.0,377.0,3.8,8.2,0.465,2.4,5.6,0.424,1.4,2.6,0.556,1.6,2.7,0.607,1.4,4.3,5.7,2.7,1.7,0.6,0.9,3.5,11.6,2010
58,Tim Duncan,C,33.0,SAS,10.0,10.0,373.0,7.5,14.5,0.52,0.1,0.2,0.5,7.4,14.3,0.52,3.2,6.7,0.478,2.9,6.7,9.6,2.5,0.8,1.6,2.3,2.6,18.3,2010
59,Kevin Durant,SF,21.0,OKC,6.0,6.0,231.0,6.7,19.2,0.35,1.6,5.5,0.28600000000000003,5.1,13.7,0.375,8.4,9.7,0.871,1.2,5.9,7.2,2.2,0.5,1.2,3.4,2.6,23.4,2010
60,Maurice Evans,SF,31.0,ATL,11.0,0.0,148.0,2.7,9.0,0.297,0.7,2.4,0.3,1.9,6.6,0.29600000000000004,0.0,0.0,,1.0,2.2,3.2,0.5,2.2,0.0,1.2,4.6,6.1,2010
61,Jordan Farmar,PG,23.0,LAL,23.0,0.0,301.0,4.5,11.2,0.40399999999999997,2.4,6.0,0.4,2.2,5.3,0.409,1.1,1.6,0.6920000000000001,0.1,3.1,3.2,3.8,2.0,0.0,2.4,3.6,12.6,2010
63,Raymond Felton,PG,25.0,CHA,4.0,4.0,130.0,4.7,11.6,0.405,1.1,3.6,0.308,3.6,8.0,0.44799999999999995,2.5,3.3,0.75,0.8,1.9,2.8,5.5,0.6,0.0,1.7,2.2,13.0,2010
64,Rudy Fernández,SG,24.0,POR,6.0,3.0,119.0,3.6,8.2,0.444,3.3,7.0,0.478,0.3,1.2,0.25,1.8,2.4,0.75,0.6,2.4,3.0,2.4,0.3,0.0,1.5,2.1,12.4,2010
65,Kyrylo Fesenko,C,23.0,UTA,10.0,9.0,181.0,2.6,6.0,0.433,0.0,0.0,,2.6,6.0,0.433,1.4,4.2,0.33299999999999996,1.6,6.2,7.8,2.4,0.0,1.0,2.8,6.0,6.6,2010
66,Michael Finley,SF,36.0,BOS,18.0,0.0,108.0,1.7,6.7,0.25,1.0,3.7,0.273,0.7,3.0,0.222,0.7,0.7,1.0,0.3,3.3,3.7,1.3,1.3,0.0,0.0,1.3,5.0,2010
67,Derek Fisher,PG,35.0,LAL,23.0,23.0,754.0,3.9,8.7,0.44799999999999995,1.3,3.6,0.36,2.6,5.2,0.509,2.2,2.7,0.821,0.4,2.3,2.8,3.1,1.3,0.0,1.7,4.0,11.3,2010
68,Channing Frye,C,26.0,PHO,16.0,0.0,435.0,3.6,9.8,0.364,2.5,7.1,0.349,1.1,2.6,0.406,1.2,1.3,0.938,0.8,6.6,7.4,1.2,1.0,0.7,0.7,4.1,10.8,2010
69,Dan Gadzuric,C,31.0,MIL,7.0,0.0,76.0,4.3,8.1,0.529,0.0,0.0,,4.3,8.1,0.529,0.5,1.9,0.25,4.7,6.6,11.4,0.5,0.5,2.4,2.8,7.1,9.0,2010
70,Sundiata Gaines,PG,23.0,UTA,5.0,0.0,7.0,25.7,30.9,0.833,5.1,5.1,1.0,20.6,25.7,0.8,0.0,10.3,0.0,5.1,5.1,10.3,0.0,0.0,0.0,0.0,5.1,56.6,2010
71,Kevin Garnett,PF,33.0,BOS,23.0,23.0,766.0,7.0,14.1,0.495,0.0,0.1,0.0,7.0,14.1,0.498,2.2,2.6,0.8390000000000001,1.5,6.5,8.0,2.7,1.2,0.9,1.5,3.5,16.2,2010
72,Pau Gasol,C,29.0,LAL,23.0,23.0,913.0,6.5,12.1,0.539,0.0,0.1,0.0,6.5,11.9,0.545,4.7,6.2,0.759,3.6,6.4,10.1,3.2,0.4,1.9,1.7,2.5,17.7,2010
73,Daniel Gibson,PG,23.0,CLE,5.0,0.0,23.0,3.1,11.0,0.28600000000000003,1.6,6.3,0.25,1.6,4.7,0.33299999999999996,3.1,3.1,1.0,0.0,4.7,4.7,1.6,0.0,0.0,3.1,4.7,11.0,2010
74,Taj Gibson,PF,24.0,CHI,5.0,5.0,145.0,4.0,9.4,0.42100000000000004,0.0,0.0,,4.0,9.4,0.42100000000000004,1.5,2.7,0.545,2.2,6.5,8.7,0.7,0.2,0.7,0.5,4.2,9.4,2010
75,Manu Ginóbili,SG,32.0,SAS,10.0,10.0,352.0,5.9,14.3,0.414,2.0,6.1,0.33299999999999996,3.9,8.2,0.475,5.9,6.9,0.866,0.4,3.4,3.8,6.1,2.7,0.2,3.1,3.1,19.8,2010
76,Marcin Gortat,C,25.0,ORL,14.0,0.0,212.0,2.9,4.4,0.654,0.0,0.0,,2.9,4.4,0.654,1.4,1.9,0.727,4.1,6.5,10.5,1.5,0.5,0.7,0.5,4.9,7.1,2010
77,Joey Graham,SF,27.0,DEN,4.0,0.0,29.0,12.4,21.1,0.588,1.2,3.7,0.33299999999999996,11.2,17.4,0.643,3.7,6.2,0.6,5.0,7.4,12.4,0.0,2.5,1.2,1.2,7.4,29.8,2010
78,Stephen Graham,SG,27.0,CHA,2.0,0.0,5.0,0.0,28.8,0.0,0.0,7.2,0.0,0.0,21.6,0.0,0.0,0.0,,0.0,0.0,0.0,7.2,7.2,0.0,7.2,7.2,0.0,2010
79,Jeff Green,PF,23.0,OKC,6.0,6.0,224.0,3.7,11.3,0.32899999999999996,1.3,4.3,0.29600000000000004,2.4,6.9,0.349,2.7,3.2,0.85,1.0,3.5,4.5,1.6,0.6,0.5,1.0,2.6,11.4,2010
80,James Harden,SG,20.0,OKC,6.0,0.0,120.0,3.6,9.3,0.387,1.8,4.8,0.375,1.8,4.5,0.4,4.8,5.7,0.8420000000000001,0.3,4.2,4.5,3.3,1.8,0.3,0.9,4.2,13.8,2010
81,Udonis Haslem,PF,29.0,MIA,5.0,0.0,142.0,3.3,9.4,0.35100000000000003,0.0,0.0,,3.3,9.4,0.35100000000000003,1.0,1.5,0.667,2.3,7.1,9.4,1.0,0.3,0.3,1.3,4.6,7.6,2010
82,Brendan Haywood,C,30.0,DAL,6.0,2.0,139.0,3.1,5.4,0.5710000000000001,0.0,0.0,,3.1,5.4,0.5710000000000001,3.1,5.2,0.6,4.7,4.9,9.6,0.8,1.8,2.6,0.8,3.6,9.3,2010
84,J.J. Hickson,PF,21.0,CLE,11.0,0.0,79.0,6.4,10.0,0.636,0.0,0.0,,6.4,10.0,0.636,5.0,7.3,0.688,0.5,3.6,4.1,0.5,0.0,0.0,2.7,4.1,17.8,2010
85,Nenê,C,27.0,DEN,5.0,5.0,169.0,3.8,6.2,0.621,0.0,0.0,,3.8,6.2,0.621,4.5,7.7,0.583,1.7,4.5,6.2,2.3,1.3,0.2,0.9,3.6,12.1,2010
86,George Hill,PG,23.0,SAS,10.0,8.0,344.0,4.8,10.7,0.451,1.2,3.0,0.379,3.7,7.6,0.479,3.2,3.9,0.838,0.5,2.7,3.2,0.7,1.0,0.2,0.8,2.2,14.0,2010
87,Grant Hill,SF,37.0,PHO,16.0,16.0,452.0,4.7,9.8,0.48,0.2,1.3,0.188,4.5,8.5,0.523,2.6,3.0,0.868,1.0,6.5,7.4,2.9,1.0,0.8,1.5,3.7,12.3,2010
88,Kirk Hinrich,SG,29.0,CHI,5.0,5.0,196.0,4.0,9.6,0.423,1.5,2.9,0.5,2.6,6.6,0.389,1.8,2.6,0.7140000000000001,0.2,3.9,4.0,3.7,1.3,0.0,0.4,2.6,11.4,2010
89,Al Horford,C,23.0,ATL,11.0,11.0,388.0,6.2,11.9,0.523,0.1,0.1,1.0,6.1,11.8,0.52,2.4,2.9,0.8390000000000001,2.6,6.6,9.2,1.9,0.7,1.8,1.4,3.2,14.9,2010
90,Dwight Howard,C,24.0,ORL,14.0,14.0,497.0,6.2,10.1,0.614,0.0,0.0,,6.2,10.1,0.614,5.9,11.4,0.519,2.8,8.5,11.2,1.4,0.8,3.5,3.7,4.3,18.4,2010
91,Juwan Howard,C,36.0,POR,6.0,0.0,87.0,4.1,7.9,0.526,0.0,0.0,,4.1,7.9,0.526,0.0,0.0,,3.3,3.3,6.6,1.7,0.4,0.4,1.2,8.3,8.3,2010
92,Larry Hughes,SG,31.0,CHA,4.0,0.0,58.0,5.0,10.6,0.47100000000000003,2.5,6.2,0.4,2.5,4.3,0.5710000000000001,2.5,4.3,0.5710000000000001,0.6,7.4,8.1,3.7,0.0,0.0,1.9,5.0,14.9,2010
93,Serge Ibaka,PF,20.0,OKC,6.0,0.0,153.0,4.7,8.2,0.5710000000000001,0.0,0.0,,4.7,8.2,0.5710000000000001,1.6,2.4,0.7,3.1,6.1,9.2,0.5,0.5,2.8,1.4,4.5,11.1,2010
94,Zydrunas Ilgauskas,C,34.0,CLE,7.0,0.0,69.0,2.6,6.8,0.385,0.0,0.0,,2.6,6.8,0.385,1.0,1.6,0.667,3.7,2.1,5.7,1.6,0.0,3.7,0.5,5.2,6.3,2010
95,D.J. Mbenga,C,29.0,LAL,3.0,0.0,12.0,6.0,18.0,0.33299999999999996,0.0,0.0,,6.0,18.0,0.33299999999999996,3.0,3.0,1.0,0.0,15.0,15.0,3.0,0.0,0.0,0.0,6.0,15.0,2010
96,Ersan İlyasova,PF,22.0,MIL,7.0,0.0,157.0,5.5,11.5,0.48,1.1,3.2,0.35700000000000004,4.4,8.3,0.528,3.4,4.1,0.833,4.8,7.3,12.2,0.7,1.1,0.2,2.3,3.2,15.6,2010
97,Royal Ivey,SG,28.0,MIL,3.0,0.0,11.0,6.5,19.6,0.33299999999999996,0.0,6.5,0.0,6.5,13.1,0.5,0.0,0.0,,0.0,0.0,0.0,6.5,0.0,3.3,3.3,3.3,13.1,2010
98,Stephen Jackson,SG,31.0,CHA,4.0,4.0,156.0,5.5,15.5,0.358,0.7,4.2,0.16699999999999998,4.8,11.3,0.429,4.8,6.0,0.8079999999999999,1.4,3.2,4.6,3.5,1.2,0.2,3.9,3.0,16.6,2010
99,LeBron James,SF,25.0,CLE,11.0,11.0,460.0,8.3,16.5,0.502,1.6,3.9,0.4,6.7,12.6,0.534,6.9,9.4,0.733,1.2,6.8,8.0,6.6,1.5,1.6,3.3,1.8,25.0,2010
100,Antawn Jamison,PF,33.0,CLE,11.0,11.0,375.0,6.1,13.2,0.467,1.0,3.7,0.256,5.2,9.4,0.551,2.9,3.9,0.732,1.5,6.2,7.8,1.3,0.7,1.1,1.7,3.6,16.1,2010
101,Othyus Jeffers,SG,24.0,UTA,6.0,0.0,10.0,3.6,21.6,0.16699999999999998,0.0,0.0,,3.6,21.6,0.16699999999999998,0.0,3.6,0.0,3.6,0.0,3.6,0.0,0.0,0.0,3.6,0.0,7.2,2010
102,Richard Jefferson,SF,29.0,SAS,10.0,10.0,334.0,3.7,7.5,0.486,0.1,0.5,0.2,3.6,7.0,0.508,2.7,3.6,0.758,0.9,4.9,5.7,1.9,0.6,0.6,1.6,2.2,10.1,2010
103,Brandon Jennings,PG,20.0,MIL,7.0,7.0,249.0,7.1,17.3,0.408,1.7,5.9,0.293,5.3,11.4,0.46799999999999997,3.0,3.8,0.8079999999999999,0.7,2.3,3.0,3.6,1.2,0.6,1.2,2.7,18.9,2010
105,Anthony Johnson,PG,35.0,ORL,1.0,0.0,5.0,7.2,14.4,0.5,0.0,7.2,0.0,7.2,7.2,1.0,0.0,0.0,,0.0,0.0,0.0,14.4,0.0,0.0,0.0,0.0,14.4,2010
106,James Johnson,PF,22.0,CHI,4.0,0.0,20.0,0.0,3.6,0.0,0.0,1.8,0.0,0.0,1.8,0.0,0.0,0.0,,1.8,0.0,1.8,1.8,0.0,0.0,3.6,19.8,0.0,2010
107,Joe Johnson,SG,28.0,ATL,11.0,11.0,440.0,6.3,16.3,0.387,0.7,3.4,0.22,5.6,12.9,0.43,2.8,3.4,0.81,1.6,2.9,4.6,4.5,0.8,0.2,2.0,1.8,16.1,2010
108,Dwayne Jones,PF,26.0,PHO,2.0,0.0,10.0,3.6,7.2,0.5,0.0,0.0,,3.6,7.2,0.5,10.8,14.4,0.75,3.6,14.4,18.0,0.0,0.0,0.0,3.6,0.0,18.0,2010
109,James Jones,SF,29.0,MIA,1.0,0.0,9.0,0.0,4.0,0.0,0.0,4.0,0.0,0.0,0.0,,8.0,8.0,1.0,0.0,0.0,0.0,0.0,0.0,0.0,4.0,4.0,8.0,2010
110,Jason Kidd,PG,36.0,DAL,6.0,6.0,243.0,2.1,6.8,0.304,1.3,4.1,0.321,0.7,2.7,0.278,1.6,1.8,0.917,0.9,5.2,6.1,6.2,2.1,0.1,1.3,2.2,7.1,2010
111,Andrei Kirilenko,SF,28.0,UTA,2.0,0.0,30.0,6.0,12.0,0.5,0.0,1.2,0.0,6.0,10.8,0.556,1.2,1.2,1.0,3.6,3.6,7.2,0.0,1.2,1.2,0.0,2.4,13.2,2010
112,Kyle Korver,SG,28.0,UTA,10.0,0.0,210.0,5.5,10.5,0.525,1.9,3.9,0.478,3.6,6.5,0.5529999999999999,1.4,1.5,0.889,0.0,1.9,1.9,2.2,0.9,0.0,1.2,3.8,14.2,2010
113,Kosta Koufos,C,20.0,UTA,9.0,0.0,31.0,4.6,11.6,0.4,0.0,0.0,,4.6,11.6,0.4,0.0,0.0,,4.6,5.8,10.5,0.0,0.0,1.2,2.3,2.3,9.3,2010
114,Nenad Krstić,C,26.0,OKC,6.0,6.0,129.0,4.2,10.3,0.405,0.0,0.0,,4.2,10.3,0.405,3.6,3.9,0.929,4.2,5.6,9.8,1.1,0.8,1.1,1.4,4.2,12.0,2010
115,Ty Lawson,PG,22.0,DEN,6.0,0.0,118.0,4.6,10.7,0.429,1.2,3.1,0.4,3.4,7.6,0.44,4.0,5.8,0.684,1.2,1.2,2.4,4.9,1.8,0.0,2.4,5.5,14.3,2010
116,Rashard Lewis,PF,30.0,ORL,14.0,14.0,512.0,4.6,10.1,0.462,2.0,5.3,0.373,2.7,4.8,0.5589999999999999,1.4,1.8,0.8,1.1,4.5,5.6,2.3,1.1,0.7,1.8,2.7,12.7,2010
117,Robin Lopez,C,21.0,PHO,6.0,6.0,104.0,6.6,12.1,0.5429999999999999,0.0,0.0,,6.6,12.1,0.5429999999999999,3.1,3.1,1.0,4.2,4.2,8.3,0.0,0.7,0.3,1.0,3.8,16.3,2010
118,Jamaal Magloire,C,31.0,MIA,1.0,0.0,5.0,0.0,14.4,0.0,0.0,0.0,,0.0,14.4,0.0,0.0,0.0,,0.0,7.2,7.2,0.0,0.0,0.0,7.2,7.2,0.0,2010
119,Ian Mahinmi,C,23.0,SAS,2.0,0.0,19.0,5.7,11.4,0.5,0.0,0.0,,5.7,11.4,0.5,5.7,7.6,0.75,0.0,3.8,3.8,0.0,0.0,1.9,3.8,5.7,17.1,2010
120,Shawn Marion,SF,31.0,DAL,6.0,6.0,148.0,5.8,14.4,0.40700000000000003,0.0,1.0,0.0,5.8,13.4,0.436,1.0,1.2,0.8,1.7,4.4,6.1,1.5,0.2,0.7,1.9,2.9,12.6,2010
121,Kenyon Martin,PF,32.0,DEN,6.0,6.0,205.0,4.2,8.8,0.48,0.0,0.2,0.0,4.2,8.6,0.49,2.1,3.3,0.632,2.5,6.3,8.8,1.4,1.6,1.2,1.9,4.7,10.5,2010
122,Roger Mason,SG,29.0,SAS,6.0,0.0,61.0,0.6,7.1,0.083,0.6,4.1,0.14300000000000002,0.0,3.0,0.0,0.0,0.0,,0.0,2.4,2.4,1.2,0.6,0.0,1.2,7.1,1.8,2010
123,Wesley Matthews,SG,23.0,UTA,10.0,10.0,371.0,3.8,9.8,0.386,1.5,4.1,0.35700000000000004,2.3,5.7,0.40700000000000003,3.8,4.7,0.813,1.0,3.3,4.3,1.6,1.7,0.5,1.5,3.3,12.8,2010
124,Eric Maynor,PG,22.0,OKC,6.0,0.0,76.0,2.8,9.5,0.3,0.5,2.8,0.16699999999999998,2.4,6.6,0.35700000000000004,4.3,5.2,0.818,0.5,3.8,4.3,4.3,0.5,0.5,2.4,2.4,10.4,2010
126,Luc Mbah a Moute,PF,23.0,MIL,7.0,7.0,178.0,5.3,10.1,0.52,0.0,0.4,0.0,5.3,9.7,0.542,2.4,4.0,0.6,2.8,5.1,7.9,1.0,0.4,0.0,1.4,3.0,12.9,2010
127,Antonio McDyess,PF,35.0,SAS,10.0,10.0,247.0,4.8,9.0,0.532,0.0,0.0,,4.8,9.0,0.532,0.3,0.3,1.0,2.6,7.3,9.9,1.7,0.3,1.0,1.3,3.9,9.9,2010
128,C.J. Miles,SF,22.0,UTA,10.0,10.0,337.0,5.0,11.3,0.44299999999999995,1.6,4.9,0.326,3.4,6.4,0.5329999999999999,3.7,4.2,0.897,0.5,2.1,2.7,3.0,0.6,0.6,2.0,5.1,15.4,2010
129,Andre Miller,PG,33.0,POR,6.0,6.0,210.0,5.1,12.7,0.405,0.5,1.2,0.429,4.6,11.5,0.40299999999999997,5.3,6.9,0.775,0.9,2.4,3.3,6.2,1.2,0.2,3.3,2.1,16.1,2010
130,Brad Miller,C,33.0,CHI,5.0,0.0,93.0,3.9,10.5,0.37,0.0,1.5,0.0,3.9,8.9,0.435,2.7,2.7,1.0,1.2,5.8,7.0,1.5,0.0,0.4,2.7,6.2,10.5,2010
131,Patty Mills,PG,21.0,POR,3.0,0.0,12.0,6.0,12.0,0.5,3.0,3.0,1.0,3.0,9.0,0.33299999999999996,3.0,3.0,1.0,0.0,0.0,0.0,9.0,0.0,0.0,3.0,3.0,18.0,2010
132,Paul Millsap,PF,24.0,UTA,10.0,0.0,323.0,7.8,13.6,0.574,0.0,0.2,0.0,7.8,13.4,0.583,4.5,6.5,0.69,3.8,6.0,9.8,2.5,1.2,1.6,1.4,4.0,20.1,2010
133,Nazr Mohammed,C,32.0,CHA,4.0,0.0,48.0,8.2,14.2,0.579,0.0,0.0,,8.2,14.2,0.579,1.5,2.3,0.667,3.7,2.3,6.0,1.5,0.7,1.5,0.7,9.7,18.0,2010
134,Jamario Moon,SF,29.0,CLE,11.0,0.0,113.0,4.5,7.6,0.583,2.5,5.1,0.5,1.9,2.5,0.75,0.6,1.0,0.667,0.6,4.5,5.1,1.6,1.3,1.6,0.0,2.5,12.1,2010
135,Randolph Morris,PF,24.0,ATL,3.0,0.0,10.0,3.6,7.2,0.5,0.0,0.0,,3.6,7.2,0.5,3.6,3.6,1.0,3.6,3.6,7.2,0.0,0.0,0.0,0.0,10.8,10.8,2010
136,Adam Morrison,SF,25.0,LAL,2.0,0.0,13.0,11.1,24.9,0.444,0.0,5.5,0.0,11.1,19.4,0.5710000000000001,0.0,0.0,,5.5,8.3,13.8,2.8,0.0,0.0,0.0,5.5,22.2,2010
137,Byron Mullens,PF,20.0,OKC,1.0,0.0,4.0,0.0,18.0,0.0,0.0,0.0,,0.0,18.0,0.0,9.0,18.0,0.5,0.0,0.0,0.0,0.0,0.0,0.0,0.0,0.0,9.0,2010
138,Ronald Murray,SG,30.0,CHI,5.0,0.0,97.0,5.6,13.7,0.405,1.5,4.5,0.33299999999999996,4.1,9.3,0.44,3.0,3.0,1.0,1.5,3.3,4.8,3.7,0.7,0.0,0.4,1.1,15.6,2010
139,Eduardo Nájera,PF,33.0,DAL,5.0,0.0,36.0,2.0,8.0,0.25,0.0,5.0,0.0,2.0,3.0,0.667,0.0,0.0,,5.0,4.0,9.0,0.0,2.0,0.0,1.0,8.0,4.0,2010
140,Steve Nash,PG,35.0,PHO,16.0,16.0,539.0,6.6,12.8,0.518,1.3,3.3,0.38,5.3,9.4,0.5670000000000001,4.5,5.0,0.893,0.4,3.1,3.5,10.8,0.3,0.1,4.0,1.3,19.0,2010
141,Jameer Nelson,PG,27.0,ORL,14.0,14.0,479.0,6.8,14.3,0.479,2.5,6.3,0.39299999999999996,4.4,8.0,0.547,3.8,4.7,0.823,0.7,3.1,3.8,5.0,1.1,0.0,2.6,2.9,20.0,2010
142,Joakim Noah,C,24.0,CHI,5.0,5.0,188.0,5.4,10.1,0.528,0.0,0.0,,5.4,10.1,0.528,3.4,3.6,0.9470000000000001,3.8,8.6,12.4,2.5,1.7,1.3,2.9,3.8,14.2,2010
143,Dirk Nowitzki,PF,31.0,DAL,6.0,6.0,233.0,9.0,16.4,0.547,0.6,1.1,0.5710000000000001,8.3,15.3,0.545,6.2,6.5,0.9520000000000001,1.1,6.5,7.6,2.8,0.8,0.6,1.5,2.3,24.7,2010
144,Jermaine O'Neal,C,31.0,MIA,5.0,5.0,117.0,2.8,13.5,0.205,0.0,0.0,,2.8,13.5,0.205,0.9,2.2,0.429,3.1,5.5,8.6,1.5,1.2,3.1,2.2,4.0,6.5,2010
145,Shaquille O'Neal,C,37.0,CLE,11.0,11.0,243.0,7.1,13.8,0.516,0.0,0.0,,7.1,13.8,0.516,4.6,7.0,0.66,3.1,5.9,9.0,2.2,0.3,1.9,3.6,6.1,18.8,2010
147,Lamar Odom,PF,30.0,LAL,23.0,0.0,667.0,4.9,10.5,0.469,0.5,2.2,0.244,4.4,8.3,0.529,1.6,2.7,0.6,3.2,7.4,10.7,2.5,0.8,1.1,1.5,4.5,12.0,2010
148,Mehmet Okur,C,30.0,UTA,1.0,1.0,11.0,6.5,6.5,1.0,3.3,3.3,1.0,3.3,3.3,1.0,6.5,6.5,1.0,3.3,3.3,6.5,0.0,0.0,0.0,3.3,0.0,22.9,2010
149,Kevin Ollie,PG,37.0,OKC,1.0,0.0,5.0,0.0,7.2,0.0,0.0,0.0,,0.0,7.2,0.0,0.0,0.0,,0.0,0.0,0.0,0.0,0.0,0.0,0.0,0.0,0.0,2010
150,Zaza Pachulia,C,25.0,ATL,11.0,0.0,161.0,4.0,7.8,0.514,0.0,0.0,,4.0,7.8,0.514,3.4,5.4,0.625,4.2,4.2,8.5,0.7,0.4,1.6,2.0,7.6,11.4,2010
151,Jannero Pargo,PG,30.0,CHI,2.0,0.0,8.0,4.5,22.5,0.2,4.5,9.0,0.5,0.0,13.5,0.0,0.0,0.0,,0.0,0.0,0.0,4.5,0.0,0.0,0.0,0.0,13.5,2010
152,Anthony Parker,SG,34.0,CLE,11.0,11.0,331.0,3.3,7.0,0.469,2.2,4.8,0.455,1.1,2.2,0.5,1.2,1.6,0.733,0.1,2.7,2.8,1.5,1.0,0.3,1.2,1.7,9.9,2010
153,Tony Parker,PG,27.0,SAS,10.0,2.0,335.0,7.8,16.5,0.474,0.2,0.3,0.667,7.6,16.2,0.47,2.7,4.5,0.595,1.0,3.1,4.1,5.8,0.6,0.0,2.4,2.1,18.6,2010
154,Kendrick Perkins,C,25.0,BOS,23.0,23.0,575.0,3.1,6.0,0.51,0.0,0.1,0.0,3.1,5.9,0.516,2.1,3.4,0.6,2.6,6.4,9.0,1.4,0.6,2.0,2.7,4.9,8.2,2010
155,Johan Petro,C,24.0,DEN,6.0,1.0,45.0,4.8,8.8,0.545,0.0,0.0,,4.8,8.8,0.545,0.8,1.6,0.5,1.6,7.2,8.8,0.8,0.8,2.4,2.4,10.4,10.4,2010
156,Paul Pierce,SF,32.0,BOS,24.0,24.0,930.0,5.7,13.0,0.43799999999999994,1.5,3.9,0.392,4.1,9.1,0.457,4.5,5.5,0.8240000000000001,0.8,4.8,5.5,3.2,0.9,0.5,2.5,3.1,17.5,2010
157,Mickaël Piétrus,SF,27.0,ORL,14.0,0.0,282.0,4.5,10.2,0.43799999999999994,3.6,7.8,0.45899999999999996,0.9,2.4,0.368,2.6,3.8,0.667,0.3,2.3,2.6,1.3,1.1,0.8,0.8,3.4,15.1,2010
158,Leon Powe,SF,26.0,CLE,3.0,0.0,9.0,4.0,16.0,0.25,0.0,0.0,,4.0,16.0,0.25,12.0,16.0,0.75,4.0,4.0,8.0,0.0,0.0,0.0,4.0,12.0,20.0,2010
159,Josh Powell,PF,27.0,LAL,13.0,0.0,40.0,2.7,7.2,0.375,0.0,0.9,0.0,2.7,6.3,0.429,2.7,3.6,0.75,1.8,3.6,5.4,0.9,0.0,0.0,0.9,8.1,8.1,2010
160,Ronnie Price,PG,26.0,UTA,10.0,0.0,90.0,2.8,9.6,0.292,0.8,2.8,0.28600000000000003,2.0,6.8,0.294,1.6,3.2,0.5,2.0,2.0,4.0,5.6,1.6,0.4,0.8,8.0,8.0,2010
161,Theo Ratliff,C,36.0,CHA,4.0,4.0,47.0,2.3,6.1,0.375,0.0,0.0,,2.3,6.1,0.375,0.8,1.5,0.5,0.0,2.3,2.3,0.8,1.5,0.0,1.5,11.5,5.4,2010
162,J.J. Redick,SG,25.0,ORL,14.0,0.0,269.0,4.0,9.5,0.423,2.0,4.7,0.429,2.0,4.8,0.41700000000000004,4.0,4.7,0.857,0.5,2.7,3.2,2.5,1.3,0.0,2.7,2.9,14.1,2010
163,Chris Richard,PF,25.0,CHI,2.0,0.0,5.0,0.0,0.0,,0.0,0.0,,0.0,0.0,,0.0,0.0,,7.2,14.4,21.6,0.0,0.0,0.0,0.0,0.0,0.0,2010
164,Jason Richardson,SG,29.0,PHO,16.0,16.0,533.0,7.6,15.1,0.502,3.2,6.8,0.475,4.3,8.2,0.525,3.0,3.9,0.759,1.2,4.7,5.9,1.1,1.1,0.3,0.7,2.4,21.3,2010
165,Quentin Richardson,SF,29.0,MIA,5.0,5.0,149.0,4.3,10.9,0.4,2.2,5.3,0.409,2.2,5.6,0.391,1.0,1.2,0.8,0.2,4.3,4.6,1.9,1.9,0.2,1.2,3.9,11.8,2010
166,Luke Ridnour,PG,28.0,MIL,7.0,0.0,121.0,6.2,13.4,0.467,1.5,4.2,0.35700000000000004,4.8,9.2,0.516,3.0,3.6,0.833,1.2,2.7,3.9,3.9,1.2,0.3,3.0,3.9,17.0,2010
168,Nate Robinson,PG,25.0,BOS,17.0,0.0,128.0,6.8,18.0,0.375,3.1,9.3,0.33299999999999996,3.7,8.7,0.419,3.4,4.2,0.8,1.1,2.8,3.9,5.1,1.7,0.3,2.0,4.5,20.0,2010
169,Rajon Rondo,PG,23.0,BOS,24.0,24.0,975.0,5.6,12.0,0.46299999999999997,0.3,0.9,0.375,5.2,11.2,0.47,2.5,4.2,0.596,1.4,3.5,4.9,8.2,1.7,0.1,2.7,2.1,14.0,2010
170,Derrick Rose,PG,21.0,CHI,5.0,5.0,212.0,9.7,21.2,0.456,0.3,1.0,0.33299999999999996,9.3,20.2,0.462,3.1,3.7,0.818,0.7,2.2,2.9,6.1,0.7,0.0,2.2,1.4,22.8,2010
171,Brandon Roy,SG,25.0,POR,3.0,1.0,83.0,4.3,14.3,0.303,0.9,5.2,0.16699999999999998,3.5,9.1,0.381,3.0,3.9,0.778,0.9,2.2,3.0,2.2,0.0,0.0,1.3,3.0,12.6,2010
172,John Salmons,SG,30.0,MIL,7.0,7.0,285.0,5.6,13.8,0.40399999999999997,0.5,2.9,0.174,5.1,10.9,0.465,3.4,3.5,0.9640000000000001,0.9,2.4,3.3,3.5,1.3,0.5,1.5,2.4,15.0,2010
173,Brian Scalabrine,PF,31.0,BOS,1.0,0.0,1.0,0.0,0.0,,0.0,0.0,,0.0,0.0,,0.0,0.0,,0.0,0.0,0.0,0.0,0.0,0.0,0.0,0.0,0.0,2010
174,Thabo Sefolosha,SG,25.0,OKC,6.0,6.0,127.0,2.3,7.7,0.29600000000000004,0.9,3.7,0.231,1.4,4.0,0.35700000000000004,2.3,2.6,0.889,0.9,4.3,5.1,2.0,1.4,1.7,0.6,4.3,7.7,2010
175,J.R. Smith,SG,24.0,DEN,6.0,0.0,159.0,4.8,12.9,0.368,2.5,7.0,0.355,2.3,5.9,0.385,3.2,3.6,0.875,1.1,4.1,5.2,2.3,0.9,0.5,1.4,3.8,15.2,2010
176,Joe Smith,PF,34.0,ATL,5.0,0.0,24.0,0.0,4.5,0.0,0.0,0.0,,0.0,4.5,0.0,0.0,0.0,,1.5,1.5,3.0,0.0,0.0,1.5,1.5,1.5,0.0,2010
177,Josh Smith,PF,24.0,ATL,11.0,11.0,392.0,5.7,11.8,0.48100000000000004,0.2,0.6,0.33299999999999996,5.5,11.3,0.488,2.7,4.0,0.659,3.4,5.7,9.1,2.7,1.2,1.7,1.6,2.8,14.2,2010
178,Jerry Stackhouse,SG,35.0,MIL,7.0,0.0,144.0,3.5,10.7,0.326,1.2,3.7,0.33299999999999996,2.3,7.0,0.321,4.5,5.0,0.9,0.2,2.7,3.0,2.0,1.2,0.2,1.2,1.0,12.7,2010
179,DeShawn Stevenson,SG,28.0,DAL,2.0,0.0,6.0,0.0,18.0,0.0,0.0,18.0,0.0,0.0,0.0,,0.0,0.0,,0.0,0.0,0.0,0.0,0.0,0.0,0.0,12.0,0.0,2010
180,Amar'e Stoudemire,PF,27.0,PHO,16.0,16.0,584.0,7.6,14.7,0.519,0.0,0.2,0.0,7.6,14.5,0.528,6.6,8.8,0.754,2.8,3.7,6.5,1.1,0.7,1.5,2.5,3.3,21.9,2010
181,Jeff Teague,PG,21.0,ATL,9.0,0.0,59.0,4.3,12.8,0.33299999999999996,1.2,3.1,0.4,3.1,9.8,0.313,0.0,0.0,,0.0,1.2,1.2,2.4,1.8,0.6,2.4,1.8,9.8,2010
182,Garrett Temple,SG,23.0,SAS,6.0,0.0,15.0,2.4,7.2,0.33299999999999996,2.4,7.2,0.33299999999999996,0.0,0.0,,2.4,2.4,1.0,0.0,4.8,4.8,4.8,2.4,0.0,4.8,2.4,9.6,2010
183,Jason Terry,SG,32.0,DAL,6.0,0.0,174.0,5.4,14.3,0.377,2.5,6.2,0.4,2.9,8.1,0.359,2.5,3.3,0.75,0.4,2.7,3.1,2.5,0.8,0.2,1.2,3.3,15.7,2010
184,Etan Thomas,C,31.0,OKC,2.0,0.0,17.0,10.6,12.7,0.833,0.0,0.0,,10.6,12.7,0.833,4.2,4.2,1.0,2.1,6.4,8.5,0.0,0.0,0.0,2.1,2.1,25.4,2010
185,Kurt Thomas,C,37.0,MIL,7.0,7.0,199.0,3.1,6.3,0.486,0.0,0.0,,3.1,6.3,0.486,0.7,0.9,0.8,2.2,7.8,9.9,2.0,0.5,0.7,1.4,4.7,6.9,2010
186,Tyrus Thomas,C,23.0,CHA,4.0,0.0,68.0,7.9,12.7,0.625,0.0,0.0,,7.9,12.7,0.625,2.6,3.2,0.833,3.2,8.5,11.6,1.1,1.1,1.1,2.1,4.8,18.5,2010
187,Anderson Varejão,PF,27.0,CLE,11.0,0.0,255.0,2.8,6.8,0.41700000000000004,0.0,0.1,0.0,2.8,6.6,0.426,3.2,4.4,0.742,3.1,6.9,10.0,1.0,1.6,1.3,1.7,5.4,8.9,2010
189,Sasha Vujačić,SG,25.0,LAL,10.0,0.0,76.0,4.7,10.9,0.435,2.8,7.1,0.4,1.9,3.8,0.5,2.4,2.8,0.833,1.4,2.4,3.8,2.4,0.9,0.0,1.4,3.8,14.7,2010
190,Dwyane Wade,SG,28.0,MIA,5.0,5.0,210.0,10.6,18.9,0.564,2.6,6.3,0.405,8.1,12.5,0.644,4.6,6.9,0.675,1.0,3.8,4.8,5.8,1.4,1.4,4.5,2.7,28.5,2010
191,Gerald Wallace,SF,27.0,CHA,4.0,4.0,164.0,4.6,9.7,0.47700000000000004,1.1,2.4,0.455,3.5,7.2,0.485,5.0,7.7,0.657,0.4,7.5,7.9,2.0,1.1,1.3,0.7,2.0,15.4,2010
192,Rasheed Wallace,C,35.0,BOS,24.0,1.0,410.0,4.6,11.0,0.41600000000000004,1.7,4.8,0.345,2.9,6.1,0.47100000000000003,2.1,2.5,0.828,0.4,5.8,6.2,0.8,0.9,1.2,0.8,7.2,12.9,2010
193,Luke Walton,SF,29.0,LAL,16.0,0.0,96.0,2.6,8.6,0.304,0.7,3.4,0.222,1.9,5.2,0.35700000000000004,0.7,1.5,0.5,0.0,3.0,3.0,5.2,0.4,0.7,1.5,4.9,6.8,2010
194,Hakim Warrick,PF,27.0,CHI,3.0,0.0,31.0,2.3,12.8,0.182,0.0,1.2,0.0,2.3,11.6,0.2,5.8,7.0,0.833,3.5,2.3,5.8,0.0,0.0,0.0,2.3,3.5,10.5,2010
195,Kyle Weaver,SG,23.0,OKC,1.0,0.0,12.0,3.0,12.0,0.25,0.0,3.0,0.0,3.0,9.0,0.33299999999999996,0.0,0.0,,0.0,6.0,6.0,6.0,0.0,0.0,0.0,6.0,6.0,2010
196,Martell Webster,SF,23.0,POR,6.0,0.0,152.0,5.2,12.3,0.423,1.2,4.0,0.294,4.0,8.3,0.486,2.4,4.3,0.556,1.7,4.5,6.2,0.9,1.2,0.7,0.7,3.1,14.0,2010
197,Delonte West,SG,26.0,CLE,11.0,0.0,269.0,3.7,9.0,0.418,0.4,2.5,0.158,3.3,6.4,0.521,2.0,2.1,0.938,0.8,2.0,2.8,3.9,1.2,0.4,2.5,2.1,9.9,2010
198,Mario West,SG,25.0,ATL,7.0,0.0,20.0,5.4,7.2,0.75,0.0,1.8,0.0,5.4,5.4,1.0,0.0,0.0,,1.8,1.8,3.6,1.8,1.8,0.0,0.0,12.6,10.8,2010
199,Russell Westbrook,PG,21.0,OKC,6.0,6.0,212.0,7.3,15.5,0.473,0.8,2.0,0.41700000000000004,6.5,13.4,0.48100000000000004,5.4,6.5,0.8420000000000001,1.7,4.4,6.1,6.1,1.7,0.2,2.4,2.2,20.9,2010
200,Deron Williams,PG,25.0,UTA,10.0,10.0,398.0,6.1,13.5,0.45,1.8,4.6,0.392,4.3,8.9,0.48,8.1,10.0,0.802,0.4,2.1,2.4,9.2,0.9,0.4,2.7,3.3,22.0,2010
201,Jason Williams,PG,34.0,ORL,14.0,0.0,192.0,2.4,7.1,0.342,1.1,4.5,0.25,1.3,2.6,0.5,0.9,0.9,1.0,0.6,1.5,2.1,4.3,0.7,0.0,0.9,1.5,6.9,2010
202,Jawad Williams,PG,26.0,CLE,3.0,0.0,4.0,0.0,18.0,0.0,0.0,18.0,0.0,0.0,0.0,,0.0,0.0,,0.0,0.0,0.0,0.0,0.0,0.0,0.0,9.0,0.0,2010
203,Marvin Williams,SF,23.0,ATL,11.0,11.0,345.0,3.2,8.2,0.392,0.1,0.2,0.5,3.1,8.0,0.39,3.0,3.3,0.9059999999999999,2.4,4.2,6.6,0.8,0.6,0.5,0.5,2.1,9.6,2010
204,Mo Williams,PG,27.0,CLE,11.0,11.0,411.0,4.6,11.1,0.409,1.5,4.6,0.327,3.1,6.6,0.467,3.2,4.0,0.804,0.3,2.7,3.0,5.2,0.5,0.2,2.0,3.1,13.8,2010
205,Shelden Williams,PF,26.0,BOS,8.0,0.0,57.0,2.5,5.7,0.444,0.0,0.0,,2.5,5.7,0.444,3.2,3.8,0.833,1.3,6.9,8.2,0.0,0.6,0.0,3.8,5.1,8.2,2010
206,Metta World Peace,SF,30.0,LAL,23.0,23.0,839.0,4.3,10.9,0.39799999999999996,1.5,5.0,0.29100000000000004,2.9,5.9,0.489,0.9,1.6,0.579,1.4,2.5,3.9,2.1,1.5,0.5,1.1,2.9,11.1,2010
207,Dorell Wright,SF,24.0,MIA,5.0,0.0,112.0,2.9,8.0,0.36,0.6,2.6,0.25,2.3,5.5,0.41200000000000003,1.6,1.6,1.0,0.6,5.5,6.1,2.9,0.6,0.0,1.9,1.0,8.0,2010
