,Player,Pos,Age,Tm,G,MP,PER,TS%,3PAr,FTr,ORB%,DRB%,TRB%,AST%,STL%,BLK%,TOV%,USG%, ,OWS,DWS,WS,WS/48, .1,OBPM,DBPM,BPM,VORP,current_year
0,Hassan Adams,SG,22.0,NJN,6.0,9.0,0.5,0.5,0.0,0.0,0.0,13.0,6.6,0.0,0.0,0.0,0.0,10.7,,0.0,0.0,0.0,0.063,,-10.3,0.1,-10.2,0.0,2007
1,Maurice Ager,SG,22.0,DAL,3.0,24.0,20.9,0.644,0.33299999999999996,0.667,4.6,9.5,7.0,0.0,0.0,0.0,0.0,21.1,,0.1,0.0,0.1,0.179,,5.0,0.4,5.4,0.0,2007
2,Malik Allen,PF,28.0,CHI,5.0,34.0,-5.7,0.16699999999999998,0.0,0.0,13.9,10.2,12.0,4.8,1.6,2.4,20.0,20.4,,-0.2,0.0,-0.2,-0.22899999999999998,,-12.1,-1.4,-13.5,-0.1,2007
3,Rafer Alston,PG,30.0,HOU,7.0,309.0,10.7,0.47700000000000004,0.6759999999999999,0.17600000000000002,2.3,15.4,9.0,21.0,2.3,0.7,17.6,15.2,,0.0,0.4,0.4,0.063,,-2.6,2.6,0.0,0.2,2007
4,Carmelo Anthony,SF,22.0,DEN,5.0,210.0,22.1,0.5820000000000001,0.184,0.39799999999999996,10.0,13.5,11.8,6.0,1.3,0.0,14.2,29.5,,0.5,0.1,0.6,0.14400000000000002,,5.8,-0.6,5.2,0.4,2007
5,Rafael Araújo,C,26.0,UTA,5.0,28.0,12.6,0.414,0.0,1.5,12.5,33.7,23.1,5.5,1.9,0.0,0.0,21.3,,0.0,0.0,0.1,0.114,,-2.8,-0.3,-3.1,0.0,2007
6,Trevor Ariza,SG,21.0,ORL,4.0,47.0,2.6,0.31,0.0,0.25,12.8,10.0,11.4,17.4,1.2,0.0,18.4,22.3,,-0.2,0.0,-0.2,-0.17300000000000001,,-6.7,-2.2,-8.9,-0.1,2007
7,Carlos Arroyo,PG,27.0,ORL,3.0,40.0,12.6,0.40299999999999997,0.14300000000000002,0.14300000000000002,6.0,8.8,7.5,25.3,1.4,0.0,6.3,19.1,,0.0,0.0,0.0,0.016,,-0.6,-0.7,-1.3,0.0,2007
8,Kelenna Azubuike,SG,23.0,GSW,6.0,15.0,15.2,0.515,0.33299999999999996,0.667,7.2,23.1,14.9,0.0,3.4,0.0,0.0,11.4,,0.0,0.0,0.0,0.157,,0.8,1.7,2.5,0.0,2007
9,Marcus Banks,PG,25.0,PHO,2.0,7.0,7.4,0.34700000000000003,0.5,1.0,0.0,0.0,0.0,17.6,0.0,0.0,0.0,18.6,,0.0,0.0,0.0,-0.008,,-4.4,-4.2,-8.5,0.0,2007
10,Leandro Barbosa,SG,24.0,PHO,11.0,349.0,13.0,0.49700000000000005,0.373,0.247,2.5,9.8,6.3,10.9,1.8,0.4,11.2,25.5,,0.0,0.3,0.3,0.038,,-0.7,-0.4,-1.1,0.1,2007
11,J.J. Barea,PG,22.0,DAL,2.0,4.0,-10.3,0.0,,,0.0,0.0,0.0,0.0,0.0,0.0,0.0,9.6,,0.0,0.0,0.0,-0.35100000000000003,,-8.8,-5.7,-14.5,0.0,2007
12,Andrea Bargnani,PF,21.0,TOR,6.0,181.0,14.1,0.607,0.37,0.413,2.1,13.9,8.1,6.0,1.5,1.5,11.4,16.4,,0.3,0.1,0.4,0.10800000000000001,,0.5,0.0,0.5,0.1,2007
13,Matt Barnes,PF,26.0,GSW,11.0,330.0,15.4,0.565,0.45,0.18,8.5,12.9,10.6,12.8,2.4,0.9,15.6,17.1,,0.6,0.2,0.8,0.114,,1.2,0.7,1.9,0.3,2007
14,Brent Barry,SG,35.0,SAS,19.0,225.0,8.5,0.485,0.8170000000000001,0.033,2.1,10.8,6.6,14.6,1.0,0.7,15.3,15.1,,0.0,0.2,0.2,0.047,,-1.5,-0.4,-1.9,0.0,2007
15,Tony Battie,PF,30.0,ORL,4.0,87.0,3.9,0.38,0.0,0.222,4.2,17.6,11.0,1.8,0.0,0.0,0.0,11.0,,0.0,0.0,-0.1,-0.028999999999999998,,-4.7,-1.4,-6.2,-0.1,2007
16,Shane Battier,SF,28.0,HOU,7.0,272.0,12.8,0.66,0.843,0.157,1.3,6.3,3.8,10.3,2.4,1.8,12.8,11.2,,0.4,0.3,0.8,0.135,,1.3,3.6,5.0,0.5,2007
17,Raja Bell,SG,30.0,PHO,11.0,438.0,8.4,0.601,0.517,0.161,1.7,6.8,4.4,6.3,1.2,0.3,13.9,11.1,,0.4,0.2,0.6,0.069,,-1.0,0.8,-0.2,0.2,2007
18,Andris Biedriņš,C,20.0,GSW,11.0,267.0,16.1,0.6970000000000001,0.0,0.8109999999999999,7.7,21.6,14.4,2.9,1.5,5.0,15.2,9.8,,0.6,0.3,0.8,0.14800000000000002,,0.0,1.5,1.6,0.2,2007
19,Chauncey Billups,PG,30.0,DET,16.0,649.0,18.7,0.612,0.466,0.585,1.3,8.5,4.9,25.8,1.6,0.2,15.9,21.4,,1.8,0.7,2.5,0.183,,4.0,0.0,4.0,1.0,2007
21,Steve Blake,PG,26.0,DEN,5.0,180.0,8.9,0.581,0.516,0.0,0.6,6.9,3.8,20.5,0.9,0.0,24.4,10.5,,0.1,0.0,0.1,0.036000000000000004,,-0.7,0.0,-0.7,0.1,2007
22,Andray Blatche,PF,20.0,WAS,2.0,25.0,17.6,0.6990000000000001,0.0,0.16699999999999998,12.3,19.8,15.7,0.0,0.0,0.0,13.4,14.1,,0.1,0.0,0.1,0.13,,2.3,-1.8,0.5,0.0,2007
23,Matt Bonner,PF,26.0,SAS,9.0,25.0,2.5,0.444,0.5710000000000001,0.28600000000000003,9.7,4.6,7.1,0.0,4.3,0.0,27.6,20.6,,-0.1,0.0,0.0,-0.055,,-8.7,0.2,-8.5,0.0,2007
24,Josh Boone,PF,22.0,NJN,12.0,118.0,10.2,0.521,0.0,1.0,7.2,11.9,9.6,4.4,0.5,2.1,8.0,15.3,,0.1,0.2,0.3,0.114,,-3.3,-0.3,-3.6,0.0,2007
25,Calvin Booth,C,30.0,WAS,1.0,18.0,13.5,0.667,0.0,0.0,11.4,13.8,12.5,9.2,3.0,0.0,25.0,10.5,,0.0,0.0,0.0,0.09300000000000001,,-1.1,1.9,0.8,0.0,2007
26,Carlos Boozer,PF,25.0,UTA,17.0,654.0,24.2,0.5760000000000001,0.0,0.341,9.6,27.6,18.6,15.1,1.4,0.7,12.8,27.3,,1.7,0.8,2.5,0.18100000000000002,,4.7,0.4,5.1,1.2,2007
27,Chris Bosh,C,22.0,TOR,6.0,222.0,18.0,0.48700000000000004,0.055,0.418,3.9,25.4,14.9,13.1,1.2,4.6,10.0,26.0,,0.1,0.3,0.3,0.07400000000000001,,0.1,0.3,0.4,0.1,2007
28,Bruce Bowen,SF,35.0,SAS,20.0,689.0,8.5,0.534,0.622,0.05,2.1,11.6,6.9,5.7,2.2,0.4,10.3,9.3,,0.4,0.8,1.2,0.086,,-1.7,2.9,1.2,0.6,2007
29,Ronnie Brewer,SG,21.0,UTA,8.0,41.0,17.1,0.604,0.0,1.3,5.7,11.5,8.6,8.0,1.3,0.0,11.3,19.4,,0.1,0.0,0.1,0.138,,1.1,-0.3,0.8,0.0,2007
30,Dee Brown,PG,22.0,UTA,8.0,52.0,4.5,0.34600000000000003,0.353,0.235,2.2,4.5,3.4,27.1,0.0,0.0,17.6,19.6,,-0.1,0.0,-0.1,-0.11199999999999999,,-3.1,-3.6,-6.7,-0.1,2007
31,Kwame Brown,C,24.0,LAL,5.0,133.0,11.2,0.5379999999999999,0.0,0.25,10.4,13.9,12.0,1.2,0.4,2.4,18.4,16.0,,0.1,0.0,0.0,0.005,,-2.4,-0.8,-3.2,0.0,2007
32,P.J. Brown,PF,37.0,CHI,10.0,228.0,15.2,0.5379999999999999,0.0,0.34299999999999997,8.8,15.2,12.0,9.9,1.9,0.7,9.4,17.3,,0.4,0.3,0.7,0.151,,-0.7,2.8,2.1,0.2,2007
33,Shannon Brown,SG,21.0,CLE,1.0,0.0,,,,,,,,,,,,,,0.0,0.0,0.0,,,-5.6,0.3,-5.2,0.0,2007
34,Kobe Bryant,SG,28.0,LAL,5.0,215.0,24.1,0.561,0.215,0.285,0.5,14.3,6.9,20.0,1.2,0.7,13.1,33.9,,0.6,-0.1,0.5,0.121,,6.0,0.1,6.1,0.4,2007
35,Greg Buckner,SG,30.0,DAL,6.0,44.0,-3.0,0.063,0.5710000000000001,0.28600000000000003,5.0,10.3,7.6,6.4,2.3,2.1,20.2,9.8,,-0.2,0.0,-0.2,-0.17,,-9.6,0.2,-9.4,-0.1,2007
36,Pat Burke,C,33.0,PHO,3.0,7.0,6.8,0.5,0.0,0.0,0.0,15.7,8.3,0.0,0.0,10.9,0.0,12.9,,0.0,0.0,0.0,0.091,,-10.7,5.2,-5.5,0.0,2007
37,Andrew Bynum,C,19.0,LAL,5.0,55.0,16.9,0.515,0.0,0.667,15.4,33.6,23.8,0.0,0.0,2.9,9.3,16.9,,0.1,0.0,0.1,0.08199999999999999,,0.1,-2.0,-1.9,0.0,2007
38,José Calderón,PG,25.0,TOR,6.0,146.0,20.1,0.544,0.174,0.087,1.7,6.6,4.2,50.1,1.8,0.0,17.3,28.7,,0.2,0.1,0.2,0.075,,2.7,-1.7,1.0,0.1,2007
39,Marcus Camby,C,32.0,DEN,5.0,184.0,13.7,0.39899999999999997,0.0,0.133,7.6,38.1,23.1,8.9,1.2,6.7,17.3,14.5,,-0.2,0.4,0.2,0.055999999999999994,,-1.4,3.4,2.0,0.2,2007
40,Anthony Carter,PG,31.0,DEN,1.0,14.0,25.5,0.9009999999999999,0.0,0.25,0.0,8.1,4.1,34.5,0.0,0.0,18.4,18.0,,0.1,0.0,0.1,0.221,,5.0,2.8,7.9,0.0,2007
42,Vince Carter,SG,30.0,NJN,12.0,487.0,16.9,0.49,0.23,0.374,4.3,15.7,10.1,26.9,1.2,1.2,12.2,30.8,,0.1,0.8,0.9,0.091,,2.0,-0.5,1.5,0.4,2007
43,Jarron Collins,C,28.0,UTA,13.0,110.0,7.0,0.455,0.0,1.889,8.5,12.9,10.7,6.3,1.9,0.0,5.7,7.1,,0.1,0.1,0.2,0.09,,-3.0,1.5,-1.5,0.0,2007
44,Jason Collins,PF,28.0,NJN,12.0,329.0,1.8,0.542,0.0,0.524,5.9,8.6,7.3,0.9,1.2,0.8,38.2,6.1,,-0.2,0.4,0.2,0.03,,-6.2,0.6,-5.5,-0.3,2007
45,Brian Cook,PF,26.0,LAL,5.0,51.0,4.5,0.466,0.389,0.16699999999999998,4.2,9.7,6.7,0.0,0.0,1.5,9.4,18.1,,0.0,0.0,0.0,-0.019,,-6.0,-2.3,-8.3,-0.1,2007
46,Austin Croshere,PF,31.0,DAL,3.0,34.0,10.7,0.545,0.33299999999999996,0.33299999999999996,9.7,10.0,9.8,0.0,0.0,0.0,12.7,20.2,,0.1,0.0,0.0,0.047,,-1.0,-3.1,-4.1,0.0,2007
47,Erick Dampier,C,31.0,DAL,5.0,38.0,7.9,0.644,0.0,0.667,25.9,24.0,25.0,4.0,0.0,0.0,50.8,9.0,,0.0,0.0,0.0,0.004,,-3.9,-2.9,-6.8,0.0,2007
48,Antonio Daniels,SG,31.0,WAS,4.0,176.0,20.5,0.561,0.132,0.5529999999999999,1.2,11.3,5.7,43.3,1.5,0.4,12.9,14.6,,0.5,0.0,0.5,0.141,,3.8,0.6,4.5,0.3,2007
49,Baron Davis,PG,27.0,GSW,11.0,445.0,26.8,0.622,0.35100000000000003,0.387,2.7,10.1,6.3,30.3,3.6,1.2,12.5,25.4,,2.0,0.3,2.3,0.247,,5.8,2.8,8.6,1.2,2007
50,Dale Davis,C,37.0,DET,8.0,51.0,6.0,0.41,0.0,0.5,11.6,16.5,14.0,3.2,2.2,3.2,17.0,11.1,,0.0,0.1,0.1,0.078,,-6.2,1.7,-4.5,0.0,2007
51,Carlos Delfino,SG,24.0,DET,16.0,135.0,9.6,0.467,0.43200000000000005,0.162,5.3,13.3,9.3,10.6,2.1,0.6,15.0,16.7,,0.0,0.2,0.2,0.054000000000000006,,-1.8,0.8,-1.0,0.0,2007
52,Luol Deng,SF,21.0,CHI,10.0,410.0,21.7,0.575,0.006,0.33899999999999997,8.6,16.1,12.4,12.7,1.3,1.4,10.6,24.4,,1.1,0.5,1.6,0.188,,3.6,1.8,5.4,0.8,2007
53,Boris Diaw,PF,24.0,PHO,10.0,235.0,11.4,0.503,0.102,0.254,6.8,8.9,7.9,18.4,1.5,0.7,20.6,15.9,,0.1,0.2,0.3,0.052000000000000005,,-0.9,0.5,-0.4,0.1,2007
54,Yakhouba Diawara,SG,24.0,DEN,1.0,1.0,0.0,,,,0.0,0.0,0.0,0.0,0.0,0.0,,0.0,,0.0,0.0,0.0,-0.021,,-3.9,-1.0,-4.9,0.0,2007
55,DeSagana Diop,C,25.0,DAL,6.0,140.0,12.0,0.581,0.0,0.467,12.5,20.3,16.3,2.2,1.1,6.7,18.1,6.9,,0.2,0.1,0.2,0.078,,-1.7,1.7,0.0,0.1,2007
56,Juan Dixon,SG,28.0,TOR,6.0,63.0,3.5,0.429,0.381,0.0,0.0,7.6,3.9,8.7,5.9,0.0,32.3,23.8,,-0.3,0.1,-0.2,-0.182,,-8.1,1.3,-6.7,-0.1,2007
57,Michael Doleac,C,29.0,MIA,1.0,1.0,0.0,,,,0.0,0.0,0.0,0.0,0.0,0.0,,0.0,,0.0,0.0,0.0,-0.025,,-2.8,-0.5,-3.4,0.0,2007
58,Keyon Dooling,SG,26.0,ORL,4.0,65.0,16.9,0.525,0.12,0.24,1.9,10.9,6.4,14.4,1.7,1.3,6.7,22.0,,0.1,0.0,0.1,0.08,,0.2,1.8,2.0,0.1,2007
59,Chris Duhon,PG,24.0,CHI,9.0,172.0,7.5,0.452,0.613,0.32299999999999995,2.1,8.7,5.4,19.5,0.9,0.5,16.5,11.4,,0.0,0.1,0.2,0.055,,-2.2,0.3,-1.9,0.0,2007
60,Tim Duncan,C,30.0,SAS,20.0,736.0,27.4,0.556,0.0,0.446,12.0,24.5,18.4,17.7,1.0,6.3,12.9,29.5,,1.9,1.4,3.3,0.214,,3.8,3.0,6.9,1.7,2007
61,Monta Ellis,SG,21.0,GSW,11.0,238.0,8.6,0.466,0.11,0.341,3.6,8.2,5.9,6.8,2.1,0.7,17.5,21.2,,-0.3,0.1,-0.2,-0.040999999999999995,,-4.2,-1.1,-5.3,-0.2,2007
63,Francisco Elson,C,30.0,SAS,20.0,230.0,11.8,0.625,0.023,0.455,11.6,20.1,15.9,1.4,1.9,2.0,26.5,14.8,,0.1,0.4,0.5,0.10300000000000001,,-4.1,1.4,-2.7,0.0,2007
64,Maurice Evans,SG,28.0,LAL,5.0,82.0,11.0,0.48100000000000004,0.5,0.0,3.9,7.5,5.6,5.5,1.2,0.0,0.0,13.7,,0.1,0.0,0.1,0.05,,1.1,-0.8,0.3,0.0,2007
65,Jordan Farmar,PG,20.0,LAL,5.0,114.0,11.6,0.515,0.35700000000000004,0.25,0.9,14.0,7.0,10.2,2.7,0.7,13.9,13.7,,0.1,0.0,0.1,0.038,,-2.3,2.6,0.3,0.1,2007
66,Michael Finley,SF,33.0,SAS,20.0,538.0,15.0,0.5760000000000001,0.59,0.21899999999999997,1.8,10.7,6.4,6.8,1.1,0.6,6.2,18.3,,1.2,0.5,1.6,0.146,,2.3,0.8,3.1,0.7,2007
67,Derek Fisher,SG,32.0,UTA,16.0,445.0,11.5,0.54,0.264,0.37200000000000005,1.0,5.6,3.3,14.7,1.9,0.4,11.9,16.1,,0.7,0.2,0.9,0.09699999999999999,,-1.2,1.1,0.0,0.2,2007
68,T.J. Ford,PG,23.0,TOR,6.0,136.0,27.3,0.563,0.132,0.276,4.6,4.4,4.5,43.6,2.7,1.4,14.1,35.2,,0.3,0.1,0.4,0.146,,7.2,0.2,7.4,0.3,2007
69,Adonal Foyle,C,31.0,GSW,3.0,6.0,20.0,1.0,0.0,0.0,0.0,38.5,18.6,0.0,0.0,0.0,0.0,7.4,,0.0,0.0,0.0,0.215,,6.4,1.7,8.2,0.0,2007
70,Devean George,SF,29.0,DAL,6.0,109.0,4.4,0.35700000000000004,0.48,0.4,4.0,14.6,9.2,5.5,2.8,1.7,19.2,14.5,,-0.2,0.0,-0.2,-0.07200000000000001,,-5.2,0.9,-4.2,-0.1,2007
71,Daniel Gibson,PG,20.0,CLE,20.0,402.0,16.8,0.611,0.569,0.371,2.6,6.8,4.7,9.7,1.7,0.8,6.3,17.2,,1.2,0.5,1.8,0.21100000000000002,,2.7,2.7,5.4,0.8,2007
72,Manu Ginóbili,SG,29.0,SAS,20.0,602.0,21.9,0.5589999999999999,0.401,0.47,3.2,17.8,10.7,21.6,3.0,0.5,12.4,26.8,,1.6,1.0,2.6,0.204,,3.3,2.6,6.0,1.2,2007
73,Gordan Giriček,SG,29.0,UTA,17.0,307.0,7.0,0.53,0.28600000000000003,0.17600000000000002,1.5,9.2,5.4,8.8,0.5,0.6,18.3,17.5,,0.0,0.1,0.1,0.009000000000000001,,-2.3,-1.0,-3.3,-0.1,2007
74,Drew Gooden,PF,25.0,CLE,20.0,605.0,15.7,0.523,0.01,0.19399999999999998,9.5,21.7,15.5,6.6,0.9,1.3,11.0,19.5,,0.7,1.0,1.7,0.13699999999999998,,-0.9,0.7,-0.3,0.3,2007
75,Ben Gordon,SG,23.0,CHI,10.0,395.0,16.0,0.584,0.374,0.429,2.7,8.5,5.6,18.4,1.2,0.2,16.3,24.4,,0.7,0.4,1.1,0.132,,1.8,0.3,2.1,0.4,2007
76,Joey Graham,SF,24.0,TOR,6.0,109.0,1.8,0.345,0.048,0.23800000000000002,1.1,20.9,11.2,2.9,2.0,0.0,20.5,12.9,,-0.3,0.1,-0.2,-0.087,,-7.4,-0.7,-8.1,-0.2,2007
77,Adrian Griffin,SF,32.0,CHI,4.0,9.0,-19.0,0.0,0.0,0.0,13.1,0.0,6.5,0.0,6.0,0.0,0.0,30.8,,-0.1,0.0,-0.1,-0.569,,-19.2,-6.9,-26.0,-0.1,2007
78,Richard Hamilton,SG,28.0,DET,16.0,638.0,16.4,0.517,0.079,0.353,5.9,7.0,6.4,18.7,1.2,0.3,9.6,24.3,,1.3,0.6,1.8,0.138,,2.0,-0.6,1.4,0.6,2007
79,Matt Harpring,SF,30.0,UTA,17.0,433.0,12.5,0.504,0.028999999999999998,0.34600000000000003,8.9,13.3,11.1,8.7,0.9,0.7,12.3,18.5,,0.4,0.2,0.6,0.07,,-0.1,-1.0,-1.0,0.1,2007
80,Al Harrington,PF,26.0,GSW,11.0,262.0,12.8,0.504,0.38799999999999996,0.306,7.0,15.0,10.9,3.8,1.0,2.1,8.3,20.5,,0.3,0.1,0.4,0.068,,-0.6,-1.6,-2.2,0.0,2007
81,Devin Harris,PG,23.0,DAL,6.0,163.0,18.5,0.5539999999999999,0.159,0.302,0.7,7.7,4.1,35.3,1.9,0.6,11.2,21.4,,0.5,0.0,0.4,0.124,,1.4,1.2,2.6,0.2,2007
82,Udonis Haslem,PF,26.0,MIA,4.0,103.0,11.3,0.526,0.0,0.32,4.6,20.8,12.4,6.7,0.5,1.5,6.6,14.0,,0.1,0.0,0.2,0.07400000000000001,,-0.9,0.4,-0.5,0.0,2007
84,Chuck Hayes,PF,23.0,HOU,7.0,197.0,10.0,0.677,0.059000000000000004,0.294,8.4,17.9,13.2,2.7,2.5,1.1,26.7,6.5,,0.1,0.3,0.5,0.111,,-2.8,2.7,-0.1,0.1,2007
85,Jarvis Hayes,SF,25.0,WAS,4.0,139.0,8.6,0.43799999999999994,0.413,0.152,3.0,8.9,5.7,4.8,0.8,0.5,0.0,16.7,,0.0,-0.1,0.0,-0.006999999999999999,,-1.2,-2.3,-3.5,-0.1,2007
86,Brendan Haywood,C,27.0,WAS,3.0,34.0,17.1,0.742,0.0,0.5710000000000001,9.1,7.3,8.3,5.2,1.6,0.0,10.2,13.6,,0.1,0.0,0.1,0.175,,-1.3,-0.7,-2.0,0.0,2007
87,Luther Head,SG,24.0,HOU,7.0,141.0,4.4,0.405,0.639,0.222,1.7,13.7,7.8,10.5,1.2,1.0,15.0,16.0,,-0.2,0.2,-0.1,-0.024,,-5.5,0.6,-4.9,-0.1,2007
88,Nenê,C,24.0,DEN,5.0,179.0,19.4,0.624,0.0,0.34,14.3,10.8,12.5,12.7,0.9,1.3,17.6,19.1,,0.5,0.1,0.6,0.14800000000000002,,2.2,1.1,3.3,0.2,2007
89,Grant Hill,SG,34.0,ORL,4.0,143.0,16.8,0.5710000000000001,0.0,0.868,1.7,16.5,9.2,17.9,0.8,0.6,16.0,21.1,,0.2,0.0,0.2,0.07200000000000001,,1.4,0.7,2.0,0.1,2007
90,Kirk Hinrich,PG,26.0,CHI,10.0,362.0,13.1,0.47100000000000003,0.368,0.222,1.3,12.1,6.8,37.3,1.3,0.7,15.2,19.3,,0.3,0.4,0.7,0.091,,-0.5,1.1,0.6,0.2,2007
91,Robert Horry,PF,36.0,SAS,18.0,361.0,14.2,0.5710000000000001,0.617,0.28300000000000003,5.4,17.3,11.4,12.1,1.6,5.0,17.2,10.7,,0.5,0.6,1.1,0.14400000000000002,,1.1,4.9,6.0,0.7,2007
92,Eddie House,SG,28.0,NJN,4.0,18.0,-2.5,0.313,0.75,0.0,0.0,13.0,6.6,9.8,3.0,0.0,20.0,26.8,,-0.1,0.0,-0.1,-0.223,,-9.4,-0.8,-10.2,0.0,2007
93,Dwight Howard,C,21.0,ORL,4.0,167.0,15.3,0.54,0.0,0.7859999999999999,11.6,30.3,21.1,7.2,0.7,2.0,23.1,21.2,,-0.1,0.1,0.0,0.01,,-0.5,-0.8,-1.3,0.0,2007
94,Josh Howard,SF,26.0,DAL,6.0,248.0,22.5,0.5770000000000001,0.182,0.273,6.6,20.2,13.3,13.5,2.7,1.9,9.8,21.5,,0.7,0.1,0.8,0.161,,4.0,2.2,6.2,0.5,2007
95,Juwan Howard,PF,33.0,HOU,7.0,157.0,10.1,0.439,0.0,0.314,7.5,15.2,11.4,8.4,1.7,0.0,9.1,13.6,,0.0,0.2,0.2,0.065,,-2.3,0.7,-1.6,0.0,2007
96,Larry Hughes,SG,28.0,CLE,18.0,639.0,9.5,0.45,0.271,0.317,1.6,11.5,6.5,12.4,2.2,1.1,15.6,20.2,,-0.6,1.0,0.4,0.031,,-3.1,1.2,-1.9,0.0,2007
97,Kris Humphries,PF,21.0,TOR,6.0,69.0,4.7,0.359,0.0,0.889,12.6,17.4,15.1,2.3,0.8,2.7,19.3,10.9,,-0.1,0.0,0.0,-0.011000000000000001,,-5.9,-1.7,-7.6,-0.1,2007
98,Lindsey Hunter,PG,36.0,DET,13.0,133.0,2.4,0.34600000000000003,0.581,0.161,1.8,7.2,4.5,19.4,2.5,0.6,23.1,15.7,,-0.3,0.2,-0.1,-0.04,,-6.5,0.4,-6.1,-0.1,2007
99,Zydrunas Ilgauskas,C,31.0,CLE,20.0,649.0,18.0,0.5529999999999999,0.0,0.345,11.9,23.1,17.5,5.1,0.8,2.1,12.4,19.2,,1.2,1.2,2.3,0.17300000000000001,,0.4,0.2,0.7,0.4,2007
100,Allen Iverson,SG,31.0,DEN,5.0,223.0,13.0,0.447,0.149,0.272,0.0,1.5,0.8,25.4,1.7,0.0,10.5,29.6,,0.0,0.0,0.0,0.008,,1.2,-1.4,-0.2,0.1,2007
101,Luke Jackson,SF,25.0,TOR,3.0,11.0,35.6,1.136,,,11.3,43.6,27.8,13.4,4.9,0.0,27.5,16.0,,0.1,0.0,0.1,0.5760000000000001,,3.0,9.7,12.7,0.0,2007
102,Stephen Jackson,SF,28.0,GSW,11.0,454.0,15.0,0.5489999999999999,0.447,0.54,1.4,8.6,4.9,14.2,2.4,1.4,17.1,23.4,,0.5,0.2,0.6,0.066,,0.6,0.1,0.7,0.3,2007
103,LeBron James,SF,22.0,CLE,20.0,893.0,23.9,0.516,0.188,0.491,3.4,17.9,10.6,37.4,2.1,1.0,12.0,29.7,,2.1,1.6,3.7,0.2,,5.3,2.8,8.1,2.2,2007
105,Antawn Jamison,PF,30.0,WAS,4.0,173.0,26.5,0.555,0.252,0.272,7.7,18.6,12.7,6.7,0.6,1.8,5.7,33.5,,0.5,0.0,0.5,0.145,,6.8,-1.5,5.2,0.3,2007
106,Šarūnas Jasikevičius,PG,30.0,GSW,4.0,6.0,6.9,0.266,0.0,2.0,0.0,0.0,0.0,44.2,0.0,0.0,0.0,13.9,,0.0,0.0,0.0,-0.001,,-1.7,-2.0,-3.7,0.0,2007
107,Richard Jefferson,SF,26.0,NJN,12.0,489.0,16.7,0.599,0.23800000000000002,0.39299999999999996,1.0,15.1,8.2,10.8,1.0,0.8,12.1,22.1,,0.9,0.7,1.6,0.156,,0.8,0.6,1.4,0.4,2007
108,Damon Jones,PG,30.0,CLE,11.0,139.0,7.0,0.47600000000000003,0.846,0.115,0.8,6.8,3.8,13.1,0.0,0.0,0.0,9.5,,0.2,0.1,0.3,0.10099999999999999,,-1.6,0.5,-1.1,0.0,2007
109,Eddie Jones,SG,35.0,MIA,3.0,66.0,5.9,0.43,0.667,0.667,1.8,9.6,5.5,11.4,0.8,1.2,7.9,9.1,,0.0,0.0,0.0,0.021,,-2.7,-0.6,-3.3,0.0,2007
110,James Jones,SF,26.0,PHO,11.0,171.0,11.6,0.6729999999999999,0.5,0.306,2.1,7.7,5.1,2.5,0.6,0.9,8.9,11.8,,0.3,0.1,0.4,0.115,,0.9,0.9,1.8,0.2,2007
111,Jason Kapono,SF,25.0,MIA,4.0,77.0,8.0,0.5589999999999999,0.235,0.11800000000000001,0.0,8.2,4.0,4.4,1.4,0.0,5.3,11.6,,0.1,0.0,0.1,0.047,,-2.0,-0.7,-2.7,0.0,2007
112,Jason Kidd,PG,33.0,NJN,12.0,484.0,22.0,0.55,0.547,0.16899999999999998,5.8,26.2,16.2,49.5,2.5,0.9,20.5,19.9,,1.0,1.1,2.1,0.207,,5.0,3.6,8.6,1.3,2007
113,Andrei Kirilenko,SF,25.0,UTA,17.0,527.0,14.8,0.541,0.073,0.528,6.2,13.7,9.9,12.9,1.5,7.2,18.8,15.9,,0.5,0.7,1.1,0.102,,0.4,2.7,3.1,0.7,2007
114,Linas Kleiza,PF,22.0,DEN,5.0,66.0,0.5,0.28800000000000003,0.462,0.154,0.0,13.7,7.0,4.6,0.0,0.0,0.0,9.7,,-0.1,0.0,-0.1,-0.045,,-5.1,-1.1,-6.2,-0.1,2007
115,John Lucas III,PG,24.0,HOU,2.0,8.0,-12.7,0.0,1.0,0.0,0.0,0.0,0.0,0.0,6.8,0.0,66.7,18.2,,-0.1,0.0,-0.1,-0.445,,-14.6,-0.1,-14.7,0.0,2007
116,Shawn Marion,SF,28.0,PHO,11.0,455.0,18.5,0.5579999999999999,0.22399999999999998,0.217,7.3,21.1,14.5,4.4,1.8,3.2,6.7,17.7,,0.8,0.7,1.5,0.158,,2.5,1.7,4.2,0.7,2007
117,Donyell Marshall,PF,33.0,CLE,19.0,204.0,9.8,0.45399999999999996,0.652,0.159,6.9,16.8,11.8,4.5,0.8,1.7,6.3,18.6,,0.1,0.3,0.4,0.092,,-1.3,0.1,-1.2,0.0,2007
118,Darrick Martin,PG,35.0,TOR,2.0,8.0,13.7,0.34700000000000003,1.0,1.0,0.0,15.0,7.6,36.9,0.0,0.0,0.0,17.4,,0.0,0.0,0.0,0.04,,-0.1,-2.6,-2.6,0.0,2007
119,Roger Mason,SG,26.0,WAS,4.0,56.0,10.0,0.644,0.625,0.375,0.0,4.4,2.0,3.0,1.0,0.0,13.9,18.3,,0.1,0.0,0.1,0.043,,-1.8,-1.1,-2.9,0.0,2007
120,Jason Maxiell,C,23.0,DET,14.0,146.0,18.6,0.649,0.03,0.6970000000000001,8.9,18.1,13.5,2.6,1.5,5.0,14.0,16.5,,0.3,0.3,0.6,0.187,,0.8,3.1,4.0,0.2,2007
121,Antonio McDyess,PF,32.0,DET,16.0,354.0,11.9,0.396,0.019,0.245,13.7,24.4,19.0,9.0,1.7,3.4,12.6,18.3,,-0.2,0.7,0.6,0.078,,-2.7,0.3,-2.4,0.0,2007
122,Tracy McGrady,SG,27.0,HOU,7.0,280.0,21.2,0.478,0.225,0.35600000000000004,2.1,14.6,8.5,46.2,1.0,1.5,10.2,35.7,,0.3,0.3,0.6,0.102,,4.7,0.8,5.6,0.5,2007
123,C.J. Miles,SG,19.0,UTA,1.0,3.0,9.5,0.568,,,0.0,0.0,0.0,0.0,0.0,0.0,0.0,13.2,,0.0,0.0,0.0,0.08900000000000001,,0.3,-2.8,-2.5,0.0,2007
124,Darko Miličić,PF,21.0,ORL,4.0,115.0,20.5,0.591,0.0,0.5,10.5,8.2,9.3,6.4,0.5,2.9,4.6,18.2,,0.4,0.0,0.3,0.14,,3.4,0.4,3.9,0.2,2007
126,Paul Millsap,PF,21.0,UTA,17.0,263.0,18.3,0.552,0.013000000000000001,0.3,16.9,16.6,16.7,5.1,2.2,3.3,12.6,17.7,,0.5,0.3,0.8,0.153,,0.9,0.3,1.3,0.2,2007
127,Yao Ming,C,26.0,HOU,7.0,260.0,19.9,0.557,0.0,0.6,10.5,21.4,16.0,5.7,0.2,1.4,17.3,35.7,,0.2,0.3,0.5,0.1,,0.2,-1.1,-0.8,0.1,2007
128,Nazr Mohammed,C,29.0,DET,2.0,6.0,44.1,0.753,0.0,1.5,19.7,40.0,29.8,0.0,0.0,0.0,0.0,26.7,,0.1,0.0,0.1,0.684,,15.2,-0.5,14.8,0.0,2007
129,Mikki Moore,C,31.0,NJN,12.0,399.0,13.0,0.599,0.0,0.29,7.0,12.9,10.0,6.5,1.4,1.4,15.1,16.0,,0.5,0.6,1.1,0.134,,-1.6,0.8,-0.8,0.1,2007
130,Alonzo Mourning,C,36.0,MIA,4.0,55.0,20.0,0.748,0.0,1.182,2.1,16.1,8.9,3.6,0.0,4.3,5.6,15.2,,0.2,0.0,0.2,0.177,,3.6,2.0,5.7,0.1,2007
131,Ronald Murray,SG,27.0,DET,12.0,136.0,6.2,0.419,0.065,0.355,1.7,6.2,3.9,17.4,1.6,0.6,18.2,15.5,,-0.1,0.1,0.0,0.002,,-3.7,-0.3,-4.1,-0.1,2007
132,Dikembe Mutombo,C,40.0,HOU,7.0,40.0,20.3,1.042,0.0,1.0,14.8,17.0,15.9,4.6,0.0,5.3,0.0,5.2,,0.2,0.1,0.2,0.295,,2.4,4.4,6.8,0.1,2007
133,Boštjan Nachbar,SF,26.0,NJN,12.0,281.0,12.5,0.568,0.505,0.23199999999999998,2.2,12.5,7.5,11.9,1.3,0.3,14.7,21.0,,0.2,0.4,0.6,0.102,,-0.5,0.3,-0.2,0.1,2007
134,Eduardo Nájera,PF,30.0,DEN,5.0,96.0,5.4,0.252,0.17600000000000002,0.11800000000000001,13.3,20.0,16.7,3.2,1.1,0.8,10.1,9.6,,-0.1,0.1,0.0,-0.008,,-3.7,-0.5,-4.2,-0.1,2007
135,Steve Nash,PG,32.0,PHO,11.0,413.0,21.9,0.5770000000000001,0.244,0.28800000000000003,1.2,8.3,4.9,55.8,0.5,0.2,21.0,24.9,,1.3,0.1,1.4,0.165,,6.4,-1.2,5.2,0.8,2007
136,Jameer Nelson,PG,24.0,ORL,4.0,129.0,13.2,0.52,0.28,0.22,3.7,7.3,5.5,18.1,1.3,0.0,14.1,23.9,,0.1,0.0,0.1,0.027999999999999997,,-0.2,-0.6,-0.8,0.0,2007
137,Rasho Nesterović,C,30.0,TOR,5.0,71.0,14.1,0.521,0.0,0.2,17.6,22.0,19.8,7.3,0.0,2.6,19.7,13.8,,0.1,0.0,0.1,0.084,,0.0,-1.2,-1.2,0.0,2007
138,Ira Newble,SF,32.0,CLE,6.0,10.0,-9.3,0.0,1.0,0.0,0.0,11.8,5.9,15.1,0.0,0.0,0.0,9.6,,0.0,0.0,0.0,-0.128,,-13.2,-0.5,-13.7,0.0,2007
139,Andrés Nocioni,PF,27.0,CHI,10.0,197.0,9.2,0.46799999999999997,0.45299999999999996,0.209,1.8,18.8,10.4,7.8,0.5,2.1,12.2,25.1,,-0.2,0.3,0.1,0.018000000000000002,,-2.0,0.3,-1.7,0.0,2007
140,Dirk Nowitzki,PF,28.0,DAL,6.0,239.0,20.9,0.509,0.20199999999999999,0.532,11.5,20.5,15.9,10.4,2.4,3.2,10.8,23.7,,0.5,0.1,0.6,0.128,,3.3,-0.2,3.1,0.3,2007
141,Shaquille O'Neal,C,34.0,MIA,4.0,121.0,19.9,0.529,0.0,0.45799999999999996,15.6,18.8,17.1,9.8,0.4,3.9,16.5,33.2,,-0.1,0.1,0.0,0.008,,1.6,-1.6,0.0,0.1,2007
142,Fabricio Oberto,PF,31.0,SAS,20.0,415.0,14.2,0.628,0.013000000000000001,0.263,11.9,15.8,13.9,5.5,0.8,0.7,10.1,11.3,,1.0,0.4,1.5,0.168,,-0.3,0.8,0.5,0.3,2007
143,Lamar Odom,PF,27.0,LAL,5.0,192.0,20.6,0.508,0.129,0.282,11.1,28.8,19.3,9.9,0.5,2.5,9.5,23.8,,0.4,0.0,0.4,0.095,,2.6,0.0,2.6,0.2,2007
144,Mehmet Okur,C,27.0,UTA,17.0,585.0,13.9,0.496,0.43200000000000005,0.23,7.4,19.2,13.2,8.1,2.2,2.6,10.6,17.3,,0.6,0.7,1.3,0.106,,0.9,0.7,1.6,0.5,2007
145,Anthony Parker,SG,31.0,TOR,6.0,240.0,14.6,0.575,0.32299999999999995,0.629,1.6,14.5,8.2,4.4,2.0,0.8,8.1,17.3,,0.4,0.2,0.6,0.11599999999999999,,-0.3,0.8,0.5,0.2,2007
147,Smush Parker,PG,25.0,LAL,5.0,59.0,3.5,0.305,0.462,0.308,7.2,6.3,6.8,6.7,2.6,1.3,16.9,13.1,,-0.1,0.0,-0.1,-0.079,,-6.0,1.1,-4.8,0.0,2007
148,Tony Parker,PG,24.0,SAS,20.0,751.0,18.7,0.523,0.06,0.303,2.3,8.1,5.3,30.0,1.6,0.0,14.3,29.2,,0.9,0.6,1.6,0.1,,1.8,-0.5,1.3,0.6,2007
149,Sasha Pavlović,SG,23.0,CLE,20.0,616.0,6.7,0.447,0.307,0.19,2.5,7.3,4.9,9.5,1.7,0.7,14.9,18.8,,-0.7,0.8,0.1,0.01,,-3.9,0.3,-3.6,-0.2,2007
150,Gary Payton,PG,38.0,MIA,2.0,32.0,-7.3,0.0,0.33299999999999996,0.0,0.0,15.8,7.6,13.5,0.0,0.0,57.1,10.3,,-0.2,0.0,-0.2,-0.258,,-10.9,-2.6,-13.5,-0.1,2007
151,Morris Peterson,SF,29.0,TOR,6.0,183.0,8.3,0.648,0.414,0.207,3.4,14.4,9.0,1.8,0.6,1.0,15.9,9.9,,0.2,0.1,0.2,0.065,,-1.8,-0.9,-2.7,0.0,2007
152,Eric Piatkowski,SG,36.0,PHO,1.0,3.0,29.3,1.0,0.0,0.0,0.0,0.0,0.0,0.0,0.0,0.0,0.0,15.0,,0.0,0.0,0.0,0.23800000000000002,,7.2,0.6,7.8,0.0,2007
153,Mickaël Piétrus,SF,24.0,GSW,11.0,209.0,11.7,0.509,0.551,0.735,6.7,16.0,11.2,4.3,1.2,3.4,9.7,15.2,,0.3,0.1,0.4,0.086,,-1.7,0.1,-1.6,0.0,2007
154,Scot Pollard,C,31.0,CLE,3.0,3.0,-6.7,,,,0.0,0.0,0.0,0.0,0.0,0.0,,0.0,,0.0,0.0,0.0,0.032,,-12.7,0.1,-12.6,0.0,2007
155,James Posey,SF,30.0,MIA,4.0,139.0,11.5,0.55,0.731,0.192,0.8,27.3,13.6,7.0,3.0,2.8,15.1,11.3,,0.0,0.2,0.2,0.08199999999999999,,-0.8,3.8,3.0,0.2,2007
156,Josh Powell,PF,24.0,GSW,4.0,6.0,17.8,0.568,,,18.0,0.0,9.3,0.0,0.0,13.0,0.0,6.5,,0.0,0.0,0.0,0.147,,3.9,0.8,4.6,0.0,2007
157,Tayshaun Prince,SF,26.0,DET,16.0,665.0,13.8,0.503,0.22,0.27,4.8,13.7,9.2,16.5,1.3,0.6,11.8,18.4,,0.7,0.8,1.5,0.106,,1.8,0.3,2.1,0.7,2007
158,J.J. Redick,PG,22.0,ORL,1.0,11.0,8.4,0.75,0.5,0.0,0.0,0.0,0.0,29.0,0.0,0.0,33.3,13.2,,0.0,0.0,0.0,0.031,,0.8,0.4,1.2,0.0,2007
159,Jason Richardson,SG,26.0,GSW,11.0,428.0,17.6,0.5770000000000001,0.48200000000000004,0.159,6.1,13.5,9.6,9.1,1.6,0.9,11.7,21.3,,0.9,0.2,1.0,0.11699999999999999,,2.5,-0.4,2.1,0.4,2007
160,Bernard Robinson,SF,26.0,NJN,1.0,6.0,1.6,0.0,0.0,0.0,0.0,19.6,10.0,49.1,9.0,0.0,50.0,16.1,,0.0,0.0,0.0,-0.114,,-13.5,10.7,-2.7,0.0,2007
161,Clifford Robinson,C,40.0,NJN,4.0,20.0,-4.2,0.25,0.33299999999999996,0.0,0.0,0.0,0.0,0.0,2.7,0.0,14.3,16.9,,-0.1,0.0,-0.1,-0.172,,-8.7,-2.8,-11.5,0.0,2007
162,Jalen Rose,SF,34.0,PHO,1.0,9.0,2.0,0.25,0.25,0.0,0.0,12.2,6.4,31.7,0.0,0.0,0.0,20.1,,0.0,0.0,0.0,-0.08900000000000001,,-9.9,-2.5,-12.5,0.0,2007
163,Michael Ruffin,PF,30.0,WAS,4.0,28.0,15.0,0.33299999999999996,0.33299999999999996,0.0,18.3,17.7,18.0,0.0,5.8,0.0,0.0,5.1,,0.0,0.0,0.1,0.129,,0.2,0.0,0.2,0.0,2007
164,Thabo Sefolosha,SG,22.0,CHI,9.0,99.0,7.9,0.48,0.308,0.462,4.8,15.2,10.0,12.3,1.1,0.0,18.3,17.9,,-0.1,0.1,0.1,0.028999999999999998,,-3.6,0.7,-2.9,0.0,2007
165,J.R. Smith,SG,21.0,DEN,4.0,47.0,9.3,0.365,0.545,0.273,2.5,19.3,11.0,7.4,4.7,1.6,10.9,27.2,,-0.1,0.1,0.0,-0.037000000000000005,,-5.3,2.8,-2.6,0.0,2007
166,Eric Snow,PG,33.0,CLE,19.0,244.0,7.9,0.36200000000000004,0.079,0.368,3.3,10.2,6.7,19.4,2.5,0.7,15.3,10.3,,-0.1,0.4,0.3,0.062,,-4.9,2.6,-2.2,0.0,2007
168,Kirk Snyder,SF,23.0,HOU,3.0,9.0,-3.8,0.33299999999999996,0.667,0.0,0.0,12.6,6.4,0.0,0.0,0.0,25.0,21.6,,-0.1,0.0,0.0,-0.25,,-10.1,-3.3,-13.3,0.0,2007
169,Darius Songaila,PF,28.0,WAS,4.0,90.0,14.1,0.508,0.049,0.073,5.7,11.0,8.1,9.0,1.8,0.0,8.6,24.4,,0.0,0.0,0.0,0.021,,-2.8,-1.3,-4.1,0.0,2007
170,Vassilis Spanoulis,SG,24.0,HOU,1.0,3.0,69.4,0.6940000000000001,0.0,1.0,0.0,37.8,19.3,100.0,0.0,0.0,0.0,46.6,,0.1,0.0,0.1,0.956,,27.3,10.8,38.0,0.0,2007
171,Jerry Stackhouse,SF,32.0,DAL,6.0,169.0,14.2,0.534,0.47,0.5,3.2,11.5,7.3,15.4,1.2,0.6,18.3,25.4,,0.1,-0.1,0.1,0.024,,0.7,-1.8,-1.1,0.0,2007
172,DeShawn Stevenson,SG,25.0,WAS,4.0,122.0,0.0,0.244,0.413,0.152,1.7,8.1,4.6,9.0,0.9,1.9,5.8,20.2,,-0.6,0.0,-0.6,-0.235,,-6.1,-4.2,-10.3,-0.3,2007
173,Amar'e Stoudemire,C,24.0,PHO,10.0,343.0,29.6,0.591,0.017,0.523,10.7,29.2,20.4,3.2,1.9,4.2,8.2,30.7,,1.3,0.7,1.9,0.26899999999999996,,4.3,1.4,5.7,0.7,2007
174,Mike Sweetney,C,24.0,CHI,1.0,3.0,-4.2,0.34700000000000003,0.0,1.0,0.0,0.0,0.0,0.0,0.0,0.0,0.0,44.4,,0.0,0.0,0.0,-0.366,,-10.5,-5.6,-16.1,0.0,2007
175,Donell Taylor,SG,24.0,WAS,2.0,17.0,-1.3,0.233,0.0,0.16699999999999998,0.0,21.9,9.9,35.9,0.0,0.0,23.7,23.5,,-0.1,0.0,-0.1,-0.297,,-8.4,-2.2,-10.7,0.0,2007
176,Jason Terry,SG,29.0,DAL,6.0,229.0,12.5,0.51,0.348,0.196,1.4,5.5,3.4,17.7,1.1,0.8,14.5,22.2,,0.1,-0.1,0.0,0.003,,0.2,-2.3,-2.0,0.0,2007
177,Etan Thomas,C,28.0,WAS,4.0,84.0,7.6,0.47700000000000004,0.0,0.529,2.4,29.5,14.7,1.9,1.3,2.7,22.3,15.2,,-0.1,0.1,-0.1,-0.04,,-5.7,-0.4,-6.1,-0.1,2007
178,Kurt Thomas,C,34.0,PHO,11.0,212.0,17.3,0.573,0.0,0.262,6.3,22.4,14.8,8.7,1.4,3.2,11.0,17.3,,0.4,0.3,0.7,0.156,,0.6,3.4,4.1,0.3,2007
179,Tyrus Thomas,PF,20.0,CHI,10.0,122.0,13.7,0.47,0.0,0.732,11.6,20.9,16.3,9.0,4.4,3.3,21.7,26.2,,-0.2,0.3,0.1,0.047,,-5.6,3.3,-2.3,0.0,2007
180,Jake Tsakalidis,C,27.0,HOU,1.0,3.0,64.4,1.136,,,39.4,100.0,77.2,0.0,0.0,0.0,0.0,14.2,,0.1,0.0,0.1,1.011,,27.0,3.8,30.8,0.0,2007
181,Ronny Turiaf,C,24.0,LAL,4.0,48.0,14.8,0.462,0.0,0.7140000000000001,13.3,15.4,14.3,3.0,2.1,1.6,5.2,17.5,,0.1,0.0,0.1,0.087,,-0.7,-1.4,-2.1,0.0,2007
182,Hedo Türkoğlu,SF,27.0,ORL,4.0,156.0,13.1,0.531,0.18,0.08,1.5,8.3,5.0,16.1,1.8,2.1,16.2,19.1,,0.0,0.0,0.0,0.013000000000000001,,0.1,1.1,1.2,0.1,2007
183,Beno Udrih,PG,24.0,SAS,8.0,20.0,-14.1,0.145,0.33299999999999996,0.33299999999999996,6.0,0.0,3.0,6.8,0.0,0.0,30.4,23.4,,-0.2,0.0,-0.2,-0.415,,-14.3,-7.6,-21.9,-0.1,2007
184,Anderson Varejão,C,24.0,CLE,20.0,447.0,14.9,0.535,0.044000000000000004,0.5329999999999999,12.0,19.3,15.6,4.4,2.6,2.1,15.3,14.1,,0.5,1.0,1.4,0.152,,-1.2,2.4,1.2,0.4,2007
185,Jacque Vaughn,PG,31.0,SAS,20.0,208.0,5.1,0.408,0.0,0.12,0.6,4.4,2.6,21.1,1.0,0.0,17.3,14.5,,-0.2,0.1,0.0,-0.009000000000000001,,-5.4,-0.4,-5.8,-0.2,2007
186,Sasha Vujačić,SG,22.0,LAL,4.0,43.0,9.3,0.611,0.444,0.0,4.9,5.7,5.3,10.3,1.2,0.0,25.0,12.1,,0.0,0.0,0.0,0.006,,-2.0,-0.4,-2.4,0.0,2007
187,Dwyane Wade,SG,25.0,MIA,4.0,162.0,15.2,0.479,0.06,0.381,5.1,9.4,7.1,32.8,1.6,1.0,19.0,35.3,,-0.3,0.1,-0.2,-0.06,,1.5,-2.1,-0.6,0.1,2007
189,Antoine Walker,PF,30.0,MIA,4.0,92.0,15.9,0.562,0.43200000000000005,0.297,2.6,9.6,6.0,12.3,1.1,0.9,8.7,23.6,,0.2,0.0,0.2,0.094,,3.4,-0.1,3.3,0.1,2007
190,Ben Wallace,C,32.0,CHI,10.0,369.0,16.1,0.5670000000000001,0.019,1.0190000000000001,9.3,20.7,15.0,6.4,2.2,3.8,11.5,10.9,,0.5,0.7,1.3,0.16399999999999998,,1.0,3.9,4.9,0.6,2007
191,Rasheed Wallace,C,32.0,DET,16.0,573.0,17.3,0.536,0.365,0.193,3.9,21.8,12.8,9.4,1.9,3.9,8.2,19.6,,0.9,1.2,2.0,0.168,,2.1,2.7,4.8,1.0,2007
192,Luke Walton,SF,26.0,LAL,5.0,128.0,9.4,0.47700000000000004,0.33299999999999996,0.111,7.5,11.5,9.4,14.9,2.8,0.6,28.4,17.9,,-0.1,0.0,-0.1,-0.051,,-1.9,0.8,-1.1,0.0,2007
193,Chris Webber,PF,33.0,DET,16.0,404.0,16.8,0.535,0.008,0.389,10.5,19.0,14.7,11.7,1.9,1.8,14.5,20.6,,0.4,0.7,1.1,0.134,,0.6,1.1,1.7,0.4,2007
194,Deron Williams,PG,22.0,UTA,17.0,657.0,18.9,0.535,0.21100000000000002,0.3,1.6,11.5,6.5,39.1,2.1,0.6,18.2,25.5,,1.0,0.5,1.5,0.109,,3.3,0.0,3.3,0.9,2007
195,Jason Williams,PG,31.0,MIA,4.0,112.0,8.3,0.381,0.607,0.179,0.0,9.0,4.4,19.8,2.3,0.7,9.0,14.0,,-0.1,0.1,0.0,-0.012,,-1.2,-0.3,-1.5,0.0,2007
196,Marcus Williams,PG,21.0,NJN,12.0,78.0,4.0,0.38,0.361,0.139,4.7,10.5,7.7,31.7,0.7,0.0,23.9,31.0,,-0.4,0.1,-0.3,-0.17300000000000001,,-6.1,-4.3,-10.4,-0.2,2007
197,Shammond Williams,PG,31.0,LAL,4.0,80.0,6.8,0.45,0.4,0.0,2.7,1.5,2.1,12.7,0.0,1.0,9.1,11.9,,0.0,-0.1,0.0,-0.017,,-2.1,-1.3,-3.4,0.0,2007
198,Antoine Wright,SG,22.0,NJN,12.0,163.0,10.7,0.569,0.16699999999999998,0.278,3.7,13.0,8.4,1.1,1.7,2.0,11.0,13.4,,0.1,0.3,0.4,0.115,,-2.1,1.6,-0.6,0.1,2007
199,Dorell Wright,SF,21.0,MIA,1.0,1.0,0.0,,,,0.0,0.0,0.0,0.0,0.0,0.0,,0.0,,0.0,0.0,0.0,-0.025,,-3.1,-1.0,-4.1,0.0,2007
