,Player,Pos,Age,Tm,G,GS,MP,FG,FGA,FG%,3P,3PA,3P%,2P,2PA,2P%,eFG%,FT,FTA,FT%,ORB,DRB,TRB,AST,STL,BLK,TOV,PF,PTS,current_year
0,Tariq Abdul-Wahad,SG,28.0,DAL,14.0,0.0,14.6,1.9,4.1,0.466,0.0,0.1,0.0,1.9,4.1,0.474,0.466,0.2,0.4,0.5,1.0,1.9,2.9,1.5,0.4,0.2,0.5,1.9,4.1,2003
1,Shareef Abdur-Rahim,PF,26.0,ATL,81.0,81.0,38.1,7.0,14.6,0.478,0.3,0.7,0.35,6.7,13.9,0.485,0.48700000000000004,5.6,6.7,0.841,2.2,6.2,8.4,3.0,1.1,0.5,2.6,3.0,19.9,2003
2,Courtney Alexander,PG,25.0,NOH,66.0,7.0,20.6,2.9,7.7,0.382,0.3,0.9,0.33299999999999996,2.6,6.8,0.38799999999999996,0.401,1.8,2.2,0.8079999999999999,0.6,1.2,1.8,1.2,0.5,0.1,1.0,1.9,7.9,2003
3,Malik Allen,PF,24.0,MIA,80.0,73.0,29.0,4.2,9.9,0.424,0.0,0.1,0.0,4.2,9.8,0.426,0.424,1.2,1.5,0.802,1.7,3.6,5.3,0.7,0.5,1.0,1.6,2.9,9.6,2003
4,Ray Allen,SG,27.0,TOT,76.0,75.0,37.9,7.9,17.9,0.439,2.6,7.0,0.377,5.2,10.9,0.478,0.512,4.2,4.5,0.9159999999999999,1.2,3.8,5.0,4.4,1.4,0.2,2.6,2.9,22.5,2003
7,Rafer Alston,PG,26.0,TOR,47.0,4.0,20.9,3.0,7.1,0.415,1.1,2.8,0.392,1.9,4.4,0.429,0.491,0.8,1.1,0.685,0.4,1.8,2.3,4.1,0.8,0.3,1.8,2.6,7.8,2003
8,John Amaechi,C,32.0,UTA,50.0,1.0,9.5,0.7,2.4,0.314,0.0,0.0,,0.7,2.4,0.314,0.314,0.5,1.0,0.48100000000000004,0.5,1.0,1.5,0.4,0.3,0.1,0.7,1.0,2.0,2003
9,Chris Andersen,C,24.0,DEN,59.0,3.0,15.4,1.9,4.8,0.4,0.0,0.0,0.0,1.9,4.8,0.401,0.4,1.3,2.4,0.55,1.8,2.8,4.6,0.5,0.5,1.0,1.0,1.5,5.2,2003
10,Derek Anderson,PG,28.0,POR,76.0,76.0,33.6,4.7,10.9,0.42700000000000005,1.5,4.4,0.35,3.1,6.6,0.47700000000000004,0.496,3.0,3.5,0.8590000000000001,0.7,2.8,3.5,4.3,1.2,0.2,1.7,1.9,13.9,2003
11,Kenny Anderson,PG,32.0,TOT,61.0,2.0,18.6,2.7,6.3,0.42700000000000005,0.0,0.1,0.14300000000000002,2.7,6.1,0.43200000000000005,0.428,0.7,0.9,0.789,0.5,1.7,2.2,3.2,1.0,0.1,1.2,1.7,6.1,2003
14,Shandon Anderson,SF,29.0,NYK,82.0,9.0,21.1,3.0,6.5,0.462,0.6,1.7,0.371,2.4,4.8,0.494,0.51,1.7,2.3,0.732,0.8,2.3,3.1,1.1,0.9,0.2,1.4,2.2,8.4,2003
15,Robert Archibald,PF,22.0,MEM,12.0,0.0,6.0,0.5,1.7,0.3,0.0,0.0,,0.5,1.7,0.3,0.3,0.6,1.5,0.389,0.5,0.9,1.4,0.3,0.0,0.3,0.6,0.8,1.6,2003
16,Gilbert Arenas,PG,21.0,GSW,82.0,82.0,35.0,6.2,14.4,0.431,1.3,3.8,0.348,4.9,10.6,0.461,0.478,4.5,5.7,0.7909999999999999,1.2,3.5,4.7,6.3,1.5,0.2,3.5,3.2,18.3,2003
17,Brandon Armstrong,SG,22.0,NJN,17.0,0.0,4.1,0.5,1.6,0.33299999999999996,0.1,0.4,0.16699999999999998,0.5,1.2,0.381,0.35200000000000004,0.3,0.4,0.833,0.0,0.2,0.2,0.1,0.2,0.1,0.3,0.5,1.4,2003
18,Darrell Armstrong,PG,34.0,ORL,82.0,23.0,28.7,3.2,7.8,0.409,1.0,2.8,0.336,2.3,5.0,0.45,0.47,2.0,2.3,0.878,1.1,2.5,3.6,3.9,1.6,0.2,2.0,2.0,9.4,2003
19,Carlos Arroyo,PG,23.0,UTA,44.0,0.0,6.5,1.1,2.5,0.45899999999999996,0.1,0.2,0.429,1.1,2.3,0.461,0.47200000000000003,0.4,0.5,0.818,0.3,0.3,0.6,1.2,0.3,0.0,0.7,0.6,2.8,2003
20,Chucky Atkins,PG,28.0,DET,65.0,7.0,21.5,2.6,7.2,0.361,1.3,3.7,0.355,1.3,3.4,0.368,0.45399999999999996,0.6,0.8,0.816,0.3,1.2,1.5,2.7,0.4,0.1,1.2,1.7,7.1,2003
21,Stacey Augmon,SG,34.0,NOH,70.0,3.0,12.3,1.1,2.7,0.41100000000000003,0.0,0.1,0.0,1.1,2.6,0.42700000000000005,0.41100000000000003,0.8,1.0,0.75,0.4,1.3,1.7,1.0,0.4,0.1,0.6,1.1,3.0,2003
22,Dalibor Bagarić,C,22.0,CHI,10.0,0.0,7.6,0.8,2.6,0.308,0.0,0.0,,0.8,2.6,0.308,0.308,0.3,0.4,0.75,0.7,1.3,2.0,0.4,0.3,0.3,0.5,1.1,1.9,2003
23,Vin Baker,C,31.0,BOS,52.0,9.0,18.1,1.9,4.0,0.478,0.0,0.1,0.0,1.9,3.9,0.488,0.478,1.4,2.1,0.6729999999999999,1.7,2.1,3.8,0.6,0.4,0.6,1.2,2.8,5.2,2003
25,Brent Barry,SG,31.0,SEA,75.0,68.0,33.1,3.5,7.7,0.45799999999999996,1.6,3.9,0.40299999999999997,1.9,3.8,0.514,0.56,1.7,2.1,0.795,0.6,3.4,4.0,5.1,1.5,0.2,1.9,2.7,10.3,2003
26,Jon Barry,SG,33.0,DET,80.0,0.0,18.4,2.4,5.3,0.45,1.1,2.7,0.40700000000000003,1.3,2.6,0.495,0.5529999999999999,1.1,1.3,0.86,0.4,1.8,2.3,2.6,0.8,0.2,1.0,1.3,6.9,2003
27,Maceo Baston,PF,27.0,TOR,16.0,0.0,6.6,0.9,1.6,0.6,0.0,0.0,,0.9,1.6,0.6,0.6,0.6,0.8,0.833,0.3,1.2,1.4,0.0,0.3,0.7,0.4,1.0,2.5,2003
28,Mengke Bateer,C,27.0,SAS,12.0,0.0,3.8,0.3,1.4,0.235,0.1,0.3,0.33299999999999996,0.3,1.2,0.214,0.265,0.0,0.2,0.0,0.2,0.7,0.8,0.3,0.0,0.0,0.5,1.2,0.8,2003
29,Mike Batiste,PF,25.0,MEM,75.0,2.0,16.6,2.6,6.2,0.42200000000000004,0.2,1.1,0.222,2.4,5.1,0.46399999999999997,0.441,0.9,1.2,0.784,1.1,2.3,3.4,0.7,0.6,0.2,0.9,1.6,6.4,2003
30,Tony Battie,C,26.0,BOS,67.0,62.0,25.1,3.0,5.5,0.539,0.0,0.1,0.2,3.0,5.4,0.544,0.541,1.3,1.8,0.746,2.2,4.3,6.5,0.7,0.5,1.2,0.7,2.9,7.3,2003
31,Shane Battier,SF,24.0,MEM,78.0,47.0,30.6,3.5,7.3,0.483,1.1,2.8,0.39799999999999996,2.4,4.5,0.535,0.5589999999999999,1.5,1.9,0.828,1.6,2.8,4.4,1.3,1.3,1.1,0.9,2.7,9.7,2003
32,Lonny Baxter,C,24.0,CHI,55.0,0.0,12.4,1.7,3.7,0.466,0.0,0.0,0.0,1.7,3.7,0.47100000000000003,0.466,1.3,1.9,0.68,1.2,1.8,3.0,0.3,0.2,0.4,0.8,2.5,4.8,2003
33,Raja Bell,SG,26.0,DAL,75.0,32.0,15.6,1.2,2.8,0.441,0.3,0.7,0.41200000000000003,1.0,2.1,0.45,0.491,0.3,0.5,0.6759999999999999,0.6,1.3,1.9,0.8,0.7,0.1,0.6,1.8,3.1,2003
34,Jonathan Bender,SF,22.0,IND,46.0,2.0,17.8,2.4,5.5,0.441,0.4,1.2,0.358,2.0,4.4,0.46299999999999997,0.478,1.3,1.8,0.7140000000000001,0.9,2.0,2.9,0.9,0.2,1.2,0.9,1.9,6.6,2003
35,Corey Benjamin,SG,24.0,ATL,9.0,0.0,16.9,1.4,4.8,0.302,0.2,1.4,0.154,1.2,3.3,0.36700000000000005,0.326,1.3,1.8,0.75,1.1,2.3,3.4,1.1,0.1,0.2,0.7,2.2,4.4,2003
36,Travis Best,PG,30.0,MIA,72.0,52.0,25.1,3.2,8.1,0.396,0.5,1.5,0.33,2.7,6.6,0.41100000000000003,0.42700000000000005,1.5,1.7,0.8540000000000001,0.4,1.7,2.0,3.5,0.6,0.1,1.5,2.4,8.4,2003
37,Mike Bibby,PG,24.0,SAC,55.0,55.0,33.4,6.0,12.7,0.47,1.0,2.5,0.409,5.0,10.2,0.485,0.51,2.9,3.4,0.861,0.6,2.1,2.7,5.2,1.3,0.1,2.3,1.7,15.9,2003
38,Chauncey Billups,PG,26.0,DET,74.0,74.0,31.4,4.9,11.8,0.42100000000000004,2.0,5.1,0.392,2.9,6.6,0.44299999999999995,0.506,4.3,4.9,0.878,0.5,3.2,3.7,3.9,0.9,0.2,1.8,1.8,16.2,2003
39,Corie Blount,C,34.0,CHI,50.0,3.0,16.7,1.3,2.7,0.485,0.0,0.0,,1.3,2.7,0.485,0.485,0.4,0.7,0.5710000000000001,1.4,2.7,4.1,1.0,0.7,0.4,0.9,2.4,3.0,2003
40,Mark Blount,C,27.0,TOT,81.0,31.0,17.3,1.9,4.3,0.43200000000000005,0.0,0.0,,1.9,4.3,0.43200000000000005,0.43200000000000005,1.2,1.7,0.727,1.4,2.4,3.8,0.7,0.5,0.8,1.3,2.3,5.0,2003
43,Calvin Booth,C,26.0,SEA,47.0,0.0,12.2,1.1,2.5,0.43700000000000006,0.0,0.0,0.0,1.1,2.5,0.444,0.43700000000000006,0.7,1.0,0.723,0.7,1.6,2.3,0.3,0.2,0.7,0.5,1.6,2.9,2003
44,Carlos Boozer,PF,21.0,CLE,81.0,54.0,25.3,4.1,7.6,0.536,0.0,0.0,0.0,4.1,7.6,0.536,0.536,1.8,2.4,0.7709999999999999,2.5,5.0,7.5,1.3,0.7,0.6,1.3,2.8,10.0,2003
45,Ruben Boumtje-Boumtje,C,24.0,POR,2.0,0.0,2.5,0.0,0.5,0.0,0.0,0.0,,0.0,0.5,0.0,0.0,0.0,0.0,,0.5,0.0,0.5,0.5,0.5,0.0,0.0,0.0,0.0,2003
46,Bruce Bowen,SF,31.0,SAS,82.0,82.0,31.3,2.7,5.8,0.466,1.2,2.8,0.441,1.5,3.0,0.488,0.5710000000000001,0.4,1.1,0.40399999999999997,0.7,2.2,2.9,1.4,0.8,0.5,0.9,2.4,7.1,2003
48,Ryan Bowen,SG,27.0,DEN,62.0,31.0,16.1,1.6,3.2,0.49200000000000005,0.0,0.1,0.28600000000000003,1.5,3.1,0.5,0.49700000000000005,0.4,0.7,0.659,1.3,1.3,2.5,0.9,1.0,0.5,0.7,1.3,3.6,2003
49,Earl Boykins,PG,26.0,GSW,68.0,0.0,19.4,2.9,6.8,0.429,0.4,1.1,0.377,2.5,5.7,0.439,0.46,2.5,2.9,0.865,0.5,0.8,1.3,3.3,0.6,0.1,1.1,1.1,8.8,2003
50,Michael Bradley,PF,23.0,TOR,67.0,11.0,19.6,2.3,4.7,0.48100000000000004,0.0,0.1,0.16699999999999998,2.2,4.6,0.48700000000000004,0.48200000000000004,0.5,1.0,0.522,2.4,3.7,6.1,1.0,0.2,0.5,1.1,1.9,5.0,2003
51,Shawn Bradley,C,30.0,DAL,81.0,39.0,21.4,2.5,4.6,0.536,0.0,0.0,0.0,2.5,4.6,0.537,0.536,1.7,2.2,0.8059999999999999,1.9,4.0,5.9,0.7,0.8,2.1,0.8,3.0,6.7,2003
52,Elton Brand,PF,23.0,LAC,62.0,61.0,39.6,7.3,14.5,0.502,0.0,0.0,0.0,7.3,14.5,0.502,0.502,3.9,5.7,0.685,4.6,6.8,11.3,2.5,1.1,2.5,2.6,3.3,18.5,2003
53,J.R. Bremer,PG,22.0,BOS,64.0,41.0,23.5,2.7,7.3,0.369,1.6,4.5,0.353,1.1,2.8,0.39299999999999996,0.47700000000000004,1.3,1.7,0.7659999999999999,0.3,2.0,2.3,2.6,0.6,0.0,0.9,1.3,8.3,2003
54,Jamison Brewer,PG,22.0,IND,10.0,0.0,8.0,0.9,1.7,0.529,0.0,0.2,0.0,0.9,1.5,0.6,0.529,0.4,0.9,0.444,0.5,0.4,0.9,1.8,0.2,0.1,0.6,1.1,2.2,2003
55,Primož Brezec,C,23.0,IND,22.0,1.0,5.0,0.7,1.7,0.395,0.0,0.0,0.0,0.7,1.7,0.405,0.395,0.5,0.9,0.6,0.6,0.5,1.0,0.2,0.1,0.2,0.3,0.7,1.9,2003
56,Damone Brown,PF,23.0,TOR,5.0,3.0,23.0,2.2,7.0,0.314,0.0,0.4,0.0,2.2,6.6,0.33299999999999996,0.314,1.2,1.6,0.75,0.6,2.4,3.0,0.6,0.2,0.0,1.2,2.8,5.6,2003
57,Devin Brown,SG,24.0,TOT,10.0,2.0,9.3,1.2,3.5,0.34299999999999997,0.0,0.1,0.0,1.2,3.4,0.353,0.34299999999999997,0.6,0.8,0.75,0.8,1.0,1.8,0.7,0.4,0.1,0.9,1.4,3.0,2003
60,Kedrick Brown,SF,21.0,BOS,51.0,5.0,13.1,1.2,3.4,0.35700000000000004,0.1,0.8,0.077,1.1,2.6,0.439,0.365,0.4,0.6,0.625,0.9,1.9,2.7,0.4,0.7,0.3,0.5,1.3,2.8,2003
61,Kwame Brown,C,20.0,WAS,80.0,20.0,22.2,2.8,6.3,0.446,0.0,0.0,0.0,2.8,6.2,0.449,0.446,1.8,2.7,0.6679999999999999,1.6,3.7,5.3,0.7,0.6,1.0,1.4,2.0,7.4,2003
62,P.J. Brown,PF,33.0,NOH,78.0,78.0,33.4,4.1,7.7,0.531,0.0,0.0,0.0,4.1,7.7,0.5329999999999999,0.531,2.5,3.0,0.836,3.1,5.9,9.0,1.9,0.9,1.0,1.3,2.6,10.7,2003
63,Randy Brown,PG,34.0,PHO,32.0,0.0,8.2,0.5,1.3,0.37200000000000005,0.0,0.0,,0.5,1.3,0.37200000000000005,0.37200000000000005,0.3,0.4,0.75,0.1,0.7,0.8,1.1,0.5,0.1,0.5,1.1,1.3,2003
64,Tierre Brown,PG,23.0,CLE,15.0,0.0,11.2,1.8,3.9,0.45799999999999996,0.0,0.1,0.0,1.8,3.9,0.466,0.45799999999999996,0.7,0.9,0.7859999999999999,0.5,1.5,2.0,2.6,0.9,0.0,1.5,0.6,4.3,2003
65,Rick Brunson,PG,30.0,CHI,17.0,0.0,11.5,1.4,2.9,0.46,0.2,0.4,0.667,1.1,2.6,0.43200000000000005,0.5,0.6,0.7,0.833,0.2,0.9,1.1,2.1,0.6,0.2,1.0,1.2,3.5,2003
66,Kobe Bryant,SG,24.0,LAL,82.0,82.0,41.5,10.6,23.5,0.451,1.5,4.0,0.38299999999999995,9.1,19.5,0.465,0.483,7.3,8.7,0.843,1.3,5.6,6.9,5.9,2.2,0.8,3.5,2.7,30.0,2003
67,Mark Bryant,PF,37.0,TOT,16.0,0.0,6.3,0.3,1.2,0.263,0.0,0.0,,0.3,1.2,0.263,0.263,0.2,0.3,0.75,0.5,0.8,1.3,0.3,0.1,0.1,0.4,1.1,0.8,2003
71,Greg Buckner,SG,26.0,PHI,75.0,5.0,20.2,2.5,5.3,0.465,0.2,0.7,0.273,2.3,4.6,0.496,0.484,0.9,1.1,0.802,1.0,1.9,2.9,1.3,1.0,0.2,0.8,2.7,6.0,2003
72,Pat Burke,C,29.0,ORL,62.0,8.0,12.6,1.8,4.8,0.382,0.0,0.1,0.14300000000000002,1.8,4.7,0.38799999999999996,0.38299999999999995,0.6,0.9,0.69,0.9,1.4,2.4,0.4,0.3,0.4,0.8,1.6,4.3,2003
74,Caron Butler,SF,22.0,MIA,78.0,78.0,36.6,5.5,13.2,0.41600000000000004,0.4,1.4,0.318,5.1,11.9,0.42700000000000005,0.43200000000000005,4.0,4.8,0.8240000000000001,1.7,3.4,5.1,2.7,1.8,0.4,2.5,2.9,15.4,2003
75,Rasual Butler,SG,23.0,MIA,72.0,28.0,21.0,2.9,7.9,0.36200000000000004,0.7,2.4,0.292,2.2,5.6,0.392,0.406,1.1,1.4,0.731,0.4,2.2,2.6,1.3,0.3,0.6,1.1,1.5,7.5,2003
76,Jason Caffey,PF,29.0,MIL,51.0,16.0,17.5,2.2,4.9,0.456,0.0,0.0,,2.2,4.9,0.456,0.456,1.4,2.1,0.6509999999999999,1.3,2.1,3.5,0.7,0.4,0.3,1.1,2.4,5.8,2003
77,Marcus Camby,C,28.0,DEN,29.0,9.0,21.2,3.2,7.8,0.41,0.1,0.2,0.4,3.1,7.7,0.41,0.414,1.1,1.7,0.66,2.6,4.6,7.2,1.6,0.7,1.4,0.9,2.4,7.6,2003
78,Elden Campbell,C,34.0,TOT,56.0,1.0,15.5,2.1,5.3,0.397,0.0,0.0,0.0,2.1,5.3,0.39799999999999996,0.397,1.9,2.4,0.8009999999999999,0.8,2.4,3.2,0.9,0.6,0.7,0.9,2.3,6.1,2003
81,Brian Cardinal,PF,25.0,WAS,5.0,0.0,3.0,0.2,0.8,0.25,0.0,0.2,0.0,0.2,0.6,0.33299999999999996,0.25,0.4,0.4,1.0,0.6,0.4,1.0,0.2,0.0,0.0,0.2,0.0,0.8,2003
82,Anthony Carter,PG,27.0,MIA,49.0,26.0,18.6,1.7,4.8,0.35600000000000004,0.0,0.2,0.0,1.7,4.6,0.369,0.35600000000000004,0.7,1.0,0.66,0.2,1.4,1.7,4.1,0.9,0.1,1.7,1.4,4.1,2003
83,Vince Carter,SG,26.0,TOR,43.0,42.0,34.2,8.3,17.7,0.467,1.0,3.0,0.344,7.2,14.6,0.493,0.49700000000000005,3.0,3.7,0.8059999999999999,1.4,3.0,4.4,3.3,1.1,1.0,1.7,2.8,20.6,2003
84,Sam Cassell,PG,33.0,MIL,78.0,77.0,34.6,7.0,14.9,0.47,0.8,2.1,0.36200000000000004,6.2,12.8,0.48700000000000004,0.495,4.9,5.7,0.861,0.7,3.7,4.4,5.8,1.1,0.2,2.3,2.8,19.7,2003
85,Kelvin Cato,C,28.0,HOU,73.0,5.0,17.1,1.8,3.5,0.52,0.0,0.1,0.0,1.8,3.5,0.528,0.52,0.9,1.7,0.532,1.8,4.1,5.9,0.3,0.5,1.2,0.8,2.4,4.5,2003
86,Tyson Chandler,C,20.0,CHI,75.0,68.0,24.4,3.4,6.5,0.531,0.0,0.0,,3.4,6.5,0.531,0.531,2.4,3.9,0.608,2.3,4.6,6.9,1.0,0.5,1.4,1.8,2.9,9.2,2003
87,Calbert Cheaney,SG,31.0,UTA,81.0,74.0,29.0,4.0,8.0,0.499,0.1,0.3,0.4,3.9,7.7,0.503,0.507,0.5,0.9,0.58,0.9,2.6,3.5,2.0,0.8,0.2,1.3,2.8,8.6,2003
88,Chris Childs,PG,35.0,NJN,12.0,0.0,8.8,0.5,1.7,0.3,0.1,0.5,0.16699999999999998,0.4,1.2,0.35700000000000004,0.325,0.2,0.3,0.667,0.3,0.2,0.4,1.3,0.7,0.1,0.5,1.4,1.3,2003
89,Doug Christie,SG,32.0,SAC,80.0,80.0,33.9,3.3,7.0,0.479,0.9,2.3,0.395,2.4,4.7,0.522,0.545,1.8,2.2,0.81,0.8,3.5,4.3,4.7,2.3,0.5,1.8,2.3,9.4,2003
90,Keon Clark,C,27.0,SAC,80.0,11.0,22.3,2.8,5.6,0.501,0.0,0.1,0.0,2.8,5.6,0.506,0.501,1.1,1.6,0.6559999999999999,1.7,3.9,5.6,1.0,0.5,1.9,1.2,2.8,6.7,2003
91,Speedy Claxton,PG,24.0,SAS,30.0,0.0,15.7,2.2,4.8,0.462,0.0,0.4,0.0,2.2,4.5,0.5,0.462,1.3,1.9,0.684,0.7,1.1,1.9,2.5,0.7,0.2,1.2,1.4,5.8,2003
92,Mateen Cleaves,PG,25.0,SAC,12.0,0.0,4.6,0.5,1.9,0.261,0.1,0.1,1.0,0.4,1.8,0.22699999999999998,0.28300000000000003,0.3,0.3,0.75,0.1,0.6,0.7,0.8,0.2,0.0,1.2,0.5,1.3,2003
93,Derrick Coleman,C,35.0,PHI,64.0,35.0,27.2,3.5,7.8,0.44799999999999995,0.3,1.0,0.32799999999999996,3.1,6.7,0.466,0.47,2.1,2.7,0.784,2.4,4.7,7.0,1.4,0.8,1.1,1.5,2.7,9.4,2003
94,Bimbo Coles,PG,34.0,TOT,35.0,11.0,19.7,1.6,4.8,0.33299999999999996,0.2,0.9,0.21899999999999997,1.4,3.9,0.36,0.354,1.0,1.2,0.833,0.3,1.4,1.7,2.1,0.5,0.1,0.8,1.7,4.4,2003
97,Jason Collier,C,25.0,HOU,13.0,3.0,8.0,1.3,2.8,0.47200000000000003,0.0,0.0,,1.3,2.8,0.47200000000000003,0.47200000000000003,0.2,0.2,1.0,0.9,1.3,2.2,0.1,0.2,0.1,0.2,0.8,2.8,2003
99,Jarron Collins,C,24.0,UTA,22.0,7.0,19.1,1.7,3.9,0.442,0.0,0.0,0.0,1.7,3.9,0.447,0.442,2.0,2.8,0.71,1.5,1.3,2.7,0.6,0.2,0.3,0.9,3.2,5.5,2003
100,Jason Collins,C,24.0,NJN,81.0,66.0,23.5,1.7,4.2,0.414,0.0,0.0,0.0,1.7,4.1,0.419,0.414,2.2,2.9,0.763,1.7,2.9,4.5,1.1,0.6,0.5,1.0,3.1,5.7,2003
101,Chris Crawford,PF,27.0,ATL,5.0,0.0,7.6,1.6,2.6,0.615,0.2,0.6,0.33299999999999996,1.4,2.0,0.7,0.654,1.4,1.6,0.875,0.6,0.8,1.4,0.2,0.4,0.6,0.4,1.4,4.8,2003
102,Jamal Crawford,PG,22.0,CHI,80.0,31.0,24.9,4.2,10.1,0.413,1.1,3.0,0.355,3.1,7.1,0.43799999999999994,0.467,1.3,1.6,0.8059999999999999,0.3,2.1,2.3,4.2,1.0,0.3,1.7,1.6,10.7,2003
103,Austin Croshere,PF,27.0,IND,49.0,0.0,12.9,1.8,4.3,0.41100000000000003,0.6,1.4,0.391,1.2,2.9,0.42100000000000004,0.47600000000000003,1.1,1.3,0.815,0.8,2.3,3.2,1.1,0.1,0.3,0.6,1.0,5.1,2003
104,John Crotty,PG,33.0,DEN,12.0,0.0,15.0,1.2,3.4,0.341,0.3,1.1,0.308,0.8,2.3,0.35700000000000004,0.39,0.8,1.3,0.6,0.1,1.2,1.3,2.4,0.3,0.0,0.8,1.3,3.4,2003
105,Eddy Curry,C,20.0,CHI,81.0,48.0,19.4,4.1,7.1,0.585,0.0,0.0,,4.1,7.1,0.585,0.585,2.2,3.5,0.624,1.4,2.9,4.4,0.5,0.2,0.8,1.7,2.8,10.5,2003
106,Michael Curry,SF,34.0,DET,78.0,77.0,19.9,1.2,2.9,0.402,0.2,0.7,0.29600000000000004,1.0,2.2,0.434,0.43700000000000006,0.5,0.6,0.8,0.2,1.4,1.6,1.3,0.6,0.1,0.6,2.1,3.0,2003
107,Erick Dampier,C,27.0,GSW,82.0,82.0,24.1,3.2,6.4,0.496,0.0,0.0,0.0,3.2,6.3,0.498,0.496,1.9,2.7,0.698,3.0,3.6,6.6,0.7,0.3,1.9,1.4,3.0,8.2,2003
108,Antonio Daniels,SG,27.0,POR,67.0,2.0,13.0,1.3,2.8,0.452,0.3,0.9,0.305,1.0,1.9,0.52,0.5,1.0,1.1,0.855,0.2,0.9,1.1,1.3,0.5,0.1,0.5,0.6,3.7,2003
109,Antonio Davis,C,34.0,TOR,53.0,52.0,35.7,4.9,12.1,0.40700000000000003,0.0,0.0,,4.9,12.1,0.40700000000000003,0.40700000000000003,4.1,5.3,0.7709999999999999,2.5,5.8,8.2,2.5,0.4,1.2,2.2,2.8,13.9,2003
110,Baron Davis,PG,23.0,NOH,50.0,47.0,37.8,6.6,16.0,0.41600000000000004,2.0,5.7,0.35,4.7,10.3,0.452,0.478,1.9,2.6,0.71,1.1,2.6,3.7,6.4,1.8,0.4,2.8,3.0,17.1,2003
111,Dale Davis,C,33.0,POR,78.0,78.0,29.3,3.0,5.6,0.541,0.0,0.0,,3.0,5.6,0.541,0.541,1.3,2.1,0.633,3.0,4.2,7.2,1.2,0.7,0.9,0.9,2.4,7.4,2003
112,Emanual Davis,SG,34.0,ATL,24.0,1.0,14.2,1.3,3.7,0.364,0.3,1.2,0.24100000000000002,1.0,2.5,0.424,0.40299999999999997,0.7,0.9,0.773,0.2,1.6,1.8,1.5,0.5,0.1,1.0,1.2,3.7,2003
113,Hubert Davis,SG,32.0,DET,43.0,1.0,7.6,0.7,1.8,0.392,0.3,0.8,0.33299999999999996,0.4,1.0,0.442,0.46799999999999997,0.1,0.1,0.833,0.1,0.7,0.8,0.7,0.1,0.0,0.3,0.5,1.8,2003
114,Ricky Davis,SG,23.0,CLE,79.0,76.0,39.6,7.6,18.6,0.41,0.9,2.6,0.363,6.7,16.0,0.41700000000000004,0.435,4.4,5.9,0.748,1.2,3.7,4.9,5.5,1.6,0.5,3.5,2.3,20.6,2003
115,Andrew DeClercq,C,29.0,ORL,77.0,21.0,17.2,1.9,3.6,0.534,0.0,0.0,,1.9,3.6,0.534,0.534,0.9,1.4,0.644,1.8,2.6,4.4,0.7,0.5,0.5,1.1,3.4,4.7,2003
116,Tony Delk,PG,29.0,BOS,67.0,39.0,28.0,3.5,8.4,0.41600000000000004,1.8,4.5,0.395,1.7,3.8,0.441,0.523,1.0,1.3,0.782,0.6,2.9,3.5,2.2,1.1,0.1,1.0,1.9,9.8,2003
117,Dan Dickau,PG,24.0,ATL,50.0,0.0,10.3,1.4,3.4,0.41200000000000003,0.4,1.2,0.361,1.0,2.2,0.44,0.47600000000000003,0.4,0.5,0.8079999999999999,0.2,0.7,0.9,1.7,0.3,0.0,1.1,1.3,3.7,2003
118,Michael Dickerson,SG,27.0,MEM,6.0,1.0,14.5,1.7,4.0,0.41700000000000004,0.7,1.8,0.364,1.0,2.2,0.462,0.5,0.8,0.8,1.0,0.2,0.8,1.0,1.3,0.8,0.2,1.0,2.7,4.8,2003
120,DeSagana Diop,PF,21.0,CLE,80.0,1.0,11.8,0.7,1.9,0.35100000000000003,0.0,0.0,,0.7,1.9,0.35100000000000003,0.35100000000000003,0.1,0.4,0.36700000000000005,0.8,1.9,2.7,0.5,0.4,1.0,0.7,1.9,1.5,2003
121,Vlade Divac,C,34.0,SAC,80.0,80.0,29.8,3.8,8.2,0.466,0.1,0.3,0.24,3.7,7.9,0.475,0.47,2.2,3.1,0.713,2.0,5.2,7.2,3.4,1.0,1.3,1.9,3.0,9.9,2003
122,Juan Dixon,PG,24.0,WAS,42.0,3.0,15.4,2.5,6.5,0.384,0.6,2.0,0.298,1.9,4.5,0.42200000000000004,0.43,0.9,1.1,0.804,0.3,1.4,1.7,1.0,0.6,0.1,1.0,1.3,6.4,2003
123,Michael Doleac,C,25.0,NYK,75.0,0.0,13.9,1.9,4.6,0.426,0.0,0.0,,1.9,4.6,0.426,0.426,0.5,0.6,0.7829999999999999,0.9,2.1,2.9,0.6,0.2,0.2,0.7,2.0,4.4,2003
124,Keyon Dooling,SG,22.0,LAC,55.0,1.0,17.6,2.3,6.0,0.389,0.9,2.5,0.36,1.4,3.5,0.41100000000000003,0.465,0.8,1.0,0.772,0.2,1.1,1.3,1.6,0.4,0.1,1.1,1.7,6.4,2003
125,Bryce Drew,PG,28.0,NOH,13.0,0.0,6.1,0.6,2.1,0.29600000000000004,0.2,0.5,0.429,0.4,1.5,0.25,0.35200000000000004,0.0,0.0,,0.3,0.7,1.0,0.8,0.2,0.0,0.2,0.2,1.5,2003
126,Predrag Drobnjak,C,27.0,SEA,82.0,69.0,24.2,4.0,9.6,0.41200000000000003,0.4,1.0,0.353,3.6,8.6,0.419,0.431,1.1,1.4,0.7909999999999999,1.4,2.5,3.9,1.0,0.6,0.5,0.8,2.2,9.4,2003
127,Chris Dudley,C,37.0,POR,3.0,0.0,3.7,0.0,0.3,0.0,0.0,0.0,,0.0,0.3,0.0,0.0,0.0,0.0,,0.7,0.0,0.7,0.0,0.0,0.0,0.0,1.0,0.0,2003
128,Tim Duncan,PF,26.0,SAS,81.0,81.0,39.3,8.8,17.2,0.513,0.1,0.3,0.273,8.7,16.9,0.517,0.515,5.6,7.8,0.71,3.2,9.7,12.9,3.9,0.7,2.9,3.1,2.9,23.3,2003
129,Mike Dunleavy,SF,22.0,GSW,82.0,3.0,15.9,2.0,5.1,0.40299999999999997,0.6,1.8,0.34700000000000003,1.4,3.3,0.434,0.465,1.0,1.2,0.78,0.8,1.8,2.6,1.3,0.6,0.2,1.0,1.5,5.7,2003
130,Howard Eisley,PG,30.0,NYK,82.0,76.0,27.4,3.2,7.7,0.41700000000000004,1.6,4.1,0.389,1.6,3.5,0.45,0.521,1.1,1.3,0.848,0.3,2.0,2.3,5.4,0.9,0.1,1.8,2.7,9.1,2003
131,LaPhonso Ellis,PF,32.0,MIA,55.0,3.0,14.3,1.8,4.8,0.382,0.5,1.9,0.252,1.3,2.8,0.47100000000000003,0.433,0.9,1.2,0.758,0.8,2.1,2.9,0.3,0.3,0.3,0.6,1.6,5.0,2003
132,Melvin Ely,C,24.0,LAC,52.0,7.0,15.4,1.8,3.6,0.495,0.0,0.0,,1.8,3.6,0.495,0.495,1.0,1.4,0.703,1.2,2.1,3.3,0.3,0.2,0.6,1.0,1.8,4.5,2003
133,Evan Eschmeyer,C,27.0,DAL,17.0,3.0,7.9,0.4,1.1,0.368,0.0,0.0,,0.4,1.1,0.368,0.368,0.2,0.2,0.75,0.6,1.1,1.7,0.4,0.6,0.4,0.4,2.1,1.0,2003
134,Reggie Evans,PF,22.0,SEA,67.0,60.0,20.4,1.0,2.1,0.47100000000000003,0.0,0.0,,1.0,2.1,0.47100000000000003,0.47100000000000003,1.2,2.3,0.519,2.5,4.1,6.6,0.5,0.6,0.2,0.8,2.6,3.2,2003
135,Danny Ferry,SF,36.0,SAS,64.0,1.0,9.4,0.7,1.9,0.355,0.3,0.9,0.35,0.4,1.0,0.359,0.44,0.2,0.2,0.769,0.3,0.9,1.2,0.3,0.1,0.1,0.4,0.9,1.9,2003
136,Michael Finley,SF,29.0,DAL,69.0,69.0,38.3,7.3,17.3,0.425,1.7,4.7,0.37,5.6,12.6,0.445,0.475,2.9,3.3,0.861,1.6,4.3,5.8,3.0,1.1,0.3,1.7,1.5,19.3,2003
137,Derek Fisher,PG,28.0,LAL,82.0,82.0,34.5,4.1,9.5,0.43700000000000006,1.0,2.6,0.401,3.1,6.9,0.451,0.49200000000000005,1.2,1.5,0.8,0.5,2.4,2.9,3.6,1.1,0.2,1.1,2.4,10.5,2003
138,Marcus Fizer,PF,24.0,CHI,38.0,0.0,21.3,4.7,10.1,0.465,0.0,0.2,0.16699999999999998,4.7,9.9,0.469,0.466,2.3,3.5,0.657,2.1,3.6,5.7,1.3,0.4,0.4,1.5,2.3,11.7,2003
139,Alton Ford,PF,21.0,PHO,11.0,0.0,2.8,0.3,0.8,0.33299999999999996,0.0,0.0,,0.3,0.8,0.33299999999999996,0.33299999999999996,0.1,0.3,0.33299999999999996,0.0,0.5,0.5,0.1,0.0,0.0,0.2,0.6,0.6,2003
141,Joseph Forte,SG,21.0,SEA,17.0,0.0,5.1,0.6,2.1,0.28600000000000003,0.0,0.2,0.0,0.6,1.9,0.313,0.28600000000000003,0.2,0.4,0.667,0.2,0.4,0.6,0.6,0.2,0.0,0.6,0.4,1.4,2003
142,Danny Fortson,PF,26.0,GSW,17.0,0.0,13.1,1.2,3.2,0.37,0.0,0.1,0.0,1.2,3.1,0.377,0.37,1.1,1.7,0.655,1.6,2.6,4.3,0.7,0.5,0.0,0.9,2.5,3.5,2003
143,Greg Foster,C,34.0,TOR,29.0,9.0,18.6,1.6,4.2,0.385,0.0,0.1,0.25,1.6,4.1,0.39,0.389,0.9,1.1,0.813,1.0,2.5,3.5,0.4,0.0,0.3,1.0,2.8,4.2,2003
144,Jeff Foster,C,26.0,IND,77.0,2.0,10.4,0.8,2.3,0.36,0.0,0.0,0.0,0.8,2.3,0.364,0.36,0.4,0.8,0.54,1.5,2.1,3.6,0.7,0.4,0.3,0.4,1.3,2.1,2003
145,Tremaine Fowlkes,SF,26.0,LAC,37.0,10.0,15.5,1.5,3.5,0.43799999999999994,0.1,0.2,0.222,1.5,3.2,0.45399999999999996,0.445,1.4,1.6,0.847,1.1,1.7,2.8,0.6,0.7,0.1,0.5,1.7,4.4,2003
146,Rick Fox,SF,33.0,LAL,76.0,75.0,28.7,3.4,8.2,0.42200000000000004,1.4,3.7,0.375,2.1,4.5,0.46,0.506,0.7,0.9,0.754,0.8,3.4,4.3,3.3,0.9,0.2,1.6,2.8,9.0,2003
147,Adonal Foyle,C,27.0,GSW,82.0,0.0,21.8,2.3,4.2,0.536,0.0,0.0,0.0,2.3,4.2,0.5379999999999999,0.536,0.9,1.3,0.6729999999999999,2.1,3.8,6.0,0.5,0.5,2.5,0.9,2.6,5.4,2003
148,Steve Francis,PG,25.0,HOU,81.0,81.0,41.0,7.0,16.2,0.435,1.0,3.0,0.354,6.0,13.2,0.45299999999999996,0.46799999999999997,5.9,7.3,0.8,2.0,4.2,6.2,6.2,1.7,0.5,3.7,3.1,21.0,2003
149,Lawrence Funderburke,PF,32.0,SAC,27.0,0.0,8.5,1.2,2.7,0.444,0.0,0.0,,1.2,2.7,0.444,0.444,0.4,0.6,0.588,0.6,1.4,2.0,0.3,0.0,0.4,0.2,0.9,2.7,2003
150,Dan Gadzuric,C,24.0,MIL,49.0,30.0,15.5,1.4,3.0,0.483,0.0,0.0,0.0,1.4,2.9,0.486,0.483,0.6,1.1,0.518,1.3,2.7,4.0,0.2,0.4,1.1,0.6,2.6,3.4,2003
151,Kevin Garnett,PF,26.0,MIN,82.0,82.0,40.5,9.1,18.1,0.502,0.2,0.9,0.282,8.8,17.2,0.513,0.508,4.6,6.1,0.7509999999999999,3.0,10.5,13.4,6.0,1.4,1.6,2.8,2.4,23.0,2003
152,Pat Garrity,PF,26.0,ORL,81.0,53.0,31.9,3.9,9.2,0.419,2.0,5.0,0.396,1.9,4.2,0.44799999999999995,0.528,1.0,1.2,0.83,0.9,2.9,3.8,1.5,0.8,0.2,1.0,3.1,10.7,2003
153,Pau Gasol,PF,22.0,MEM,82.0,82.0,36.0,6.9,13.6,0.51,0.0,0.1,0.1,6.9,13.5,0.514,0.51,5.1,6.9,0.736,2.3,6.4,8.8,2.8,0.4,1.8,2.6,2.7,19.0,2003
154,Devean George,SF,25.0,LAL,71.0,7.0,22.7,2.5,6.5,0.39,0.7,1.9,0.371,1.8,4.6,0.39799999999999996,0.444,1.2,1.5,0.79,1.3,2.7,4.0,1.3,0.8,0.5,0.9,2.5,6.9,2003
155,Kendall Gill,SG,34.0,MIN,82.0,34.0,25.2,3.5,8.3,0.42200000000000004,0.2,0.7,0.322,3.3,7.5,0.43200000000000005,0.436,1.5,2.0,0.764,0.6,2.4,3.0,1.9,1.0,0.2,1.3,2.1,8.7,2003
156,Manu Ginóbili,SG,25.0,SAS,69.0,5.0,20.7,2.5,5.8,0.43799999999999994,0.7,2.1,0.345,1.8,3.6,0.494,0.503,1.8,2.5,0.737,0.7,1.7,2.3,2.0,1.4,0.2,1.4,2.5,7.6,2003
157,Gordan Giriček,SG-SF,25.0,TOT,76.0,62.0,28.3,4.6,10.6,0.436,1.1,3.3,0.341,3.5,7.3,0.478,0.489,2.0,2.4,0.82,0.5,2.7,3.1,1.8,0.7,0.1,1.9,2.1,12.3,2003
160,Dion Glover,SG,24.0,ATL,76.0,42.0,24.9,3.6,8.5,0.42700000000000005,0.7,2.1,0.354,2.9,6.4,0.451,0.47100000000000003,1.7,2.1,0.784,0.8,2.9,3.7,1.9,0.9,0.2,1.4,1.9,9.7,2003
161,Anthony Goldwire,PG,31.0,TOT,15.0,0.0,5.7,0.6,1.7,0.36,0.2,0.6,0.33299999999999996,0.4,1.1,0.375,0.42,0.3,0.5,0.5710000000000001,0.0,0.4,0.4,0.3,0.2,0.0,0.4,0.4,1.7,2003
164,Drew Gooden,SF-PF,21.0,TOT,70.0,47.0,26.8,5.1,11.1,0.457,0.2,0.7,0.292,4.9,10.4,0.46799999999999997,0.466,2.2,3.0,0.7120000000000001,2.3,4.2,6.5,1.2,0.8,0.5,2.1,2.5,12.5,2003
168,Brian Grant,C,30.0,MIA,82.0,82.0,32.2,4.2,8.2,0.509,0.0,0.0,,4.2,8.2,0.509,0.509,1.9,2.5,0.7709999999999999,2.9,7.3,10.2,1.3,0.8,0.6,1.6,3.7,10.3,2003
169,Horace Grant,PF,37.0,ORL,5.0,1.0,17.0,2.6,5.0,0.52,0.0,0.0,,2.6,5.0,0.52,0.52,0.0,0.0,,0.4,1.2,1.6,1.4,0.6,0.0,0.2,1.0,5.2,2003
170,Adrian Griffin,SG,28.0,DAL,74.0,48.0,18.6,2.0,4.6,0.433,0.1,0.3,0.25,1.9,4.2,0.447,0.442,0.4,0.4,0.8440000000000001,1.2,2.4,3.6,1.4,1.0,0.1,0.6,2.1,4.4,2003
171,Eddie Griffin,PF,20.0,HOU,77.0,66.0,24.5,3.5,8.8,0.4,0.8,2.5,0.33299999999999996,2.7,6.3,0.426,0.447,0.8,1.2,0.617,1.8,4.2,6.0,1.1,0.7,1.4,1.0,1.8,8.6,2003
172,Tom Gugliotta,PF,33.0,PHO,27.0,11.0,16.6,2.2,4.9,0.455,0.0,0.0,0.0,2.2,4.9,0.45799999999999996,0.455,0.3,0.3,1.0,0.9,2.8,3.7,1.1,0.5,0.2,1.1,1.3,4.8,2003
173,A.J. Guyton,PG,24.0,GSW,2.0,0.0,4.5,0.0,2.0,0.0,0.0,0.5,0.0,0.0,1.5,0.0,0.0,0.0,0.0,,0.0,0.0,0.0,1.0,0.5,0.0,0.5,0.0,0.0,2003
174,Marcus Haislip,PF,22.0,MIL,39.0,8.0,11.3,1.7,3.9,0.431,0.1,0.3,0.25,1.6,3.6,0.447,0.441,0.7,1.0,0.684,0.5,0.8,1.4,0.2,0.2,0.5,0.5,1.4,4.1,2003
175,Darvin Ham,SG,29.0,ATL,75.0,1.0,12.3,0.9,2.1,0.447,0.0,0.0,0.0,0.9,2.1,0.455,0.447,0.5,1.1,0.48100000000000004,1.0,1.1,2.0,0.5,0.2,0.3,0.9,1.7,2.4,2003
176,Richard Hamilton,SG,24.0,DET,82.0,82.0,32.2,7.0,15.7,0.44299999999999995,0.4,1.5,0.26899999999999996,6.6,14.2,0.461,0.456,5.4,6.4,0.833,1.1,2.8,3.9,2.5,0.8,0.2,2.4,3.0,19.7,2003
177,Zendon Hamilton,C,27.0,TOR,3.0,0.0,4.0,0.7,1.7,0.4,0.0,0.0,,0.7,1.7,0.4,0.4,0.7,0.7,1.0,0.3,1.0,1.3,0.0,0.3,0.0,0.3,0.7,2.0,2003
178,Anfernee Hardaway,SG,31.0,PHO,58.0,51.0,30.6,4.4,9.9,0.447,0.4,1.3,0.35600000000000004,4.0,8.6,0.46,0.469,1.3,1.7,0.794,1.1,3.3,4.4,4.1,1.1,0.4,2.5,2.6,10.6,2003
179,Tim Hardaway,PG,36.0,IND,10.0,0.0,12.7,1.8,4.9,0.36700000000000005,1.1,3.1,0.355,0.7,1.8,0.389,0.48,0.2,0.4,0.5,0.1,1.4,1.5,2.4,0.9,0.0,1.1,0.8,4.9,2003
180,Matt Harpring,SF,26.0,UTA,78.0,69.0,32.8,6.7,13.1,0.511,0.8,2.1,0.413,5.8,11.0,0.529,0.5429999999999999,3.4,4.2,0.792,2.4,4.2,6.6,1.7,0.9,0.2,2.1,2.8,17.6,2003
181,Adam Harrington,SG,22.0,TOT,19.0,0.0,5.8,0.6,1.9,0.297,0.3,0.7,0.35700000000000004,0.3,1.2,0.261,0.365,0.2,0.2,0.75,0.1,0.4,0.4,0.6,0.1,0.1,0.1,0.4,1.6,2003
184,Al Harrington,SF,22.0,IND,82.0,37.0,30.1,4.7,10.9,0.434,0.2,0.6,0.28300000000000003,4.6,10.4,0.442,0.441,2.6,3.3,0.77,1.9,4.3,6.2,1.5,0.9,0.4,2.0,3.4,12.2,2003
185,Junior Harrington,PG,22.0,DEN,82.0,51.0,24.4,2.1,5.7,0.36200000000000004,0.1,0.3,0.25,2.0,5.4,0.369,0.369,0.9,1.4,0.652,0.5,2.5,3.0,3.4,1.0,0.2,1.9,3.0,5.1,2003
186,Othella Harrington,PF,29.0,NYK,74.0,64.0,25.0,3.0,6.0,0.508,0.0,0.0,,3.0,6.0,0.508,0.508,1.7,2.0,0.82,2.2,4.2,6.4,0.8,0.2,0.3,1.2,3.1,7.7,2003
187,Lucious Harris,SG,32.0,NJN,77.0,25.0,25.6,3.9,9.4,0.413,0.6,1.8,0.34600000000000003,3.3,7.6,0.429,0.446,2.0,2.5,0.804,0.8,2.2,3.0,2.0,0.7,0.1,0.9,1.2,10.3,2003
188,Antonio Harvey,PF,32.0,ATL,4.0,0.0,8.0,0.5,1.3,0.4,0.0,0.0,,0.5,1.3,0.4,0.4,0.0,0.0,,0.3,1.3,1.5,0.0,0.3,1.0,0.8,1.8,1.0,2003
189,Donnell Harvey,SF,22.0,DEN,77.0,27.0,20.9,3.2,7.2,0.446,0.0,0.1,0.14300000000000002,3.2,7.1,0.45,0.447,1.5,2.3,0.67,1.6,3.7,5.3,1.3,0.6,0.4,1.6,2.6,7.9,2003
191,Trenton Hassell,SG,23.0,CHI,82.0,53.0,24.4,1.8,4.8,0.36700000000000005,0.2,0.5,0.325,1.6,4.3,0.37200000000000005,0.384,0.5,0.7,0.745,0.5,2.7,3.1,1.8,0.5,0.7,1.0,2.4,4.2,2003
192,Kirk Haston,SF,23.0,NOH,12.0,0.0,4.8,0.2,1.4,0.11800000000000001,0.0,0.3,0.0,0.2,1.2,0.14300000000000002,0.11800000000000001,0.2,0.3,0.5,0.0,0.6,0.6,0.3,0.0,0.4,0.6,0.8,0.5,2003
193,Juaquin Hawkins,SG,29.0,HOU,58.0,10.0,11.8,1.0,2.6,0.385,0.2,0.4,0.41700000000000004,0.8,2.1,0.379,0.419,0.2,0.3,0.5,0.3,1.1,1.3,0.8,0.5,0.1,0.5,1.0,2.3,2003
194,Brendan Haywood,C,23.0,WAS,81.0,69.0,23.8,2.1,4.2,0.51,0.0,0.0,,2.1,4.2,0.51,0.51,1.9,3.0,0.633,2.4,2.6,5.0,0.4,0.4,1.5,0.8,2.8,6.2,2003
195,Alan Henderson,C,30.0,ATL,82.0,3.0,18.2,1.9,4.0,0.46799999999999997,0.0,0.0,0.0,1.9,4.0,0.47100000000000003,0.46799999999999997,1.1,1.7,0.638,1.9,3.0,4.9,0.5,0.4,0.4,0.7,2.0,4.8,2003
196,Nenê,C,20.0,DEN,80.0,53.0,28.2,4.0,7.7,0.519,0.0,0.0,0.0,4.0,7.7,0.521,0.519,2.5,4.3,0.578,2.6,3.5,6.1,1.9,1.6,0.8,2.3,3.7,10.5,2003
197,Grant Hill,SF,30.0,ORL,29.0,29.0,29.1,5.2,10.6,0.49200000000000005,0.0,0.1,0.25,5.2,10.4,0.495,0.493,4.1,5.0,0.8190000000000001,1.4,5.7,7.1,4.2,1.0,0.4,2.9,1.6,14.5,2003
198,Tyrone Hill,PF,34.0,TOT,56.0,43.0,24.1,2.3,5.5,0.42200000000000004,0.0,0.0,,2.3,5.5,0.42200000000000004,0.42200000000000004,1.0,1.4,0.675,2.3,4.7,7.0,0.7,0.8,0.5,1.2,3.1,5.6,2003
201,Fred Hoiberg,SG,30.0,CHI,63.0,0.0,12.4,0.8,2.0,0.389,0.1,0.3,0.23800000000000002,0.7,1.7,0.419,0.409,0.7,0.8,0.82,0.2,2.0,2.2,1.1,0.6,0.1,0.4,0.9,2.3,2003
202,Robert Horry,PF,32.0,LAL,80.0,26.0,29.3,2.3,6.0,0.387,0.6,2.2,0.28800000000000003,1.7,3.7,0.445,0.44,1.3,1.7,0.769,2.3,4.2,6.4,2.9,1.2,0.8,1.4,3.1,6.5,2003
203,Eddie House,SG,24.0,MIA,55.0,7.0,18.6,3.1,8.1,0.387,0.7,2.2,0.3,2.5,5.9,0.42,0.428,0.6,0.7,0.861,0.3,1.5,1.8,1.6,0.8,0.0,0.8,1.3,7.5,2003
204,Allan Houston,SG,31.0,NYK,82.0,82.0,37.9,8.0,17.9,0.445,2.2,5.5,0.396,5.8,12.4,0.467,0.506,4.4,4.8,0.919,0.3,2.5,2.8,2.7,0.7,0.1,2.2,2.3,22.5,2003
205,Juwan Howard,PF,29.0,DEN,77.0,77.0,35.5,7.4,16.4,0.45,0.0,0.1,0.5,7.3,16.3,0.449,0.45,3.7,4.6,0.8029999999999999,2.4,5.2,7.6,3.0,1.0,0.4,2.5,3.1,18.4,2003
206,Troy Hudson,PG,26.0,MIN,79.0,74.0,32.9,5.2,12.1,0.428,1.2,3.4,0.365,3.9,8.7,0.452,0.479,2.6,2.9,0.9,0.5,1.8,2.3,5.7,0.8,0.1,2.3,2.0,14.2,2003
207,Nate Huffman,C,27.0,TOR,7.0,0.0,10.9,1.3,3.6,0.36,0.0,0.0,,1.3,3.6,0.36,0.36,0.7,1.1,0.625,1.3,2.0,3.3,0.7,0.1,0.4,0.4,1.9,3.3,2003
208,Larry Hughes,PG,24.0,WAS,67.0,56.0,31.9,5.2,11.1,0.467,0.4,1.2,0.36700000000000005,4.7,9.9,0.479,0.48700000000000004,2.0,2.8,0.731,1.0,3.6,4.6,3.1,1.3,0.4,2.0,2.2,12.8,2003
209,Ryan Humphrey,PF,23.0,TOT,48.0,1.0,9.3,0.7,2.5,0.292,0.0,0.0,,0.7,2.5,0.292,0.292,0.5,0.8,0.59,0.7,1.4,2.1,0.2,0.2,0.4,0.5,1.6,1.9,2003
212,Lindsey Hunter,PG,32.0,TOR,29.0,0.0,23.2,3.7,10.4,0.35100000000000003,1.2,3.7,0.318,2.5,6.7,0.369,0.40700000000000003,1.2,1.6,0.723,0.5,1.5,2.0,2.4,1.2,0.2,2.0,1.7,9.7,2003
213,Steven Hunter,C,21.0,ORL,33.0,5.0,13.5,1.7,3.1,0.544,0.0,0.0,,1.7,3.1,0.544,0.544,0.5,1.3,0.409,1.2,1.7,2.8,0.2,0.3,1.1,0.5,1.7,3.9,2003
214,Zydrunas Ilgauskas,C,27.0,CLE,81.0,81.0,30.0,6.1,13.9,0.441,0.0,0.1,0.0,6.1,13.8,0.44299999999999995,0.441,4.9,6.3,0.7809999999999999,3.0,4.6,7.5,1.6,0.7,1.9,2.6,3.4,17.2,2003
216,Allen Iverson,SG,27.0,PHI,82.0,82.0,42.5,9.8,23.7,0.414,1.0,3.7,0.27699999999999997,8.8,20.0,0.44,0.436,7.0,9.0,0.774,0.8,3.4,4.2,5.5,2.7,0.2,3.5,1.8,27.6,2003
217,Bobby Jackson,PG,29.0,SAC,59.0,26.0,28.4,5.8,12.4,0.46399999999999997,1.5,4.0,0.379,4.3,8.4,0.505,0.525,2.1,2.5,0.846,1.0,2.7,3.7,3.1,1.2,0.1,1.8,2.1,15.2,2003
218,Jermaine Jackson,SG,26.0,TOT,53.0,1.0,10.5,0.8,2.1,0.364,0.0,0.2,0.1,0.7,1.9,0.39,0.368,0.8,1.0,0.727,0.4,0.7,1.1,1.4,0.4,0.1,0.6,1.0,2.3,2003
221,Jim Jackson,SF,32.0,SAC,63.0,0.0,20.8,3.2,7.3,0.442,0.5,1.1,0.451,2.7,6.2,0.44,0.47600000000000003,0.7,0.9,0.855,1.3,2.8,4.2,1.9,0.5,0.1,1.3,2.1,7.7,2003
222,Marc Jackson,C,28.0,MIN,77.0,0.0,13.5,2.0,4.5,0.43799999999999994,0.0,0.0,1.0,2.0,4.5,0.43700000000000006,0.44,1.5,1.9,0.765,1.1,1.8,2.9,0.5,0.3,0.4,0.8,1.8,5.5,2003
223,Mark Jackson,PG,37.0,UTA,82.0,0.0,17.9,1.8,4.5,0.39799999999999996,0.3,1.2,0.284,1.5,3.3,0.43799999999999994,0.435,0.7,1.0,0.763,0.4,1.7,2.1,4.6,0.6,0.0,1.9,1.1,4.7,2003
224,Stephen Jackson,SG,24.0,SAS,80.0,58.0,28.2,4.5,10.2,0.435,1.2,3.7,0.32,3.3,6.5,0.501,0.493,1.7,2.3,0.76,0.8,2.8,3.6,2.3,1.6,0.4,2.2,2.5,11.8,2003
225,Casey Jacobsen,SF,21.0,PHO,72.0,0.0,15.9,1.7,4.5,0.373,0.7,2.3,0.315,1.0,2.3,0.43200000000000005,0.45299999999999996,1.0,1.5,0.6859999999999999,0.4,0.8,1.2,1.0,0.5,0.1,0.8,1.3,5.1,2003
226,Jerome James,C,27.0,SEA,51.0,16.0,15.0,2.2,4.5,0.478,0.0,0.0,,2.2,4.5,0.478,0.478,1.1,1.8,0.5870000000000001,1.5,2.7,4.2,0.5,0.2,1.6,1.5,3.3,5.4,2003
227,Mike James,PG,27.0,MIA,78.0,8.0,22.1,2.8,7.5,0.373,0.9,2.9,0.294,1.9,4.6,0.423,0.43,1.3,1.8,0.732,0.3,1.6,1.9,3.2,0.8,0.1,1.4,2.3,7.8,2003
228,Antawn Jamison,SF,26.0,GSW,82.0,82.0,39.3,8.4,17.9,0.47,0.8,2.5,0.311,7.6,15.4,0.496,0.49200000000000005,4.6,5.8,0.789,2.4,4.7,7.0,1.9,0.9,0.5,2.2,2.4,22.2,2003
229,Marko Jarić,SF,24.0,LAC,66.0,12.0,20.9,2.7,6.8,0.401,0.8,2.5,0.319,1.9,4.2,0.45,0.461,1.2,1.6,0.752,0.5,1.9,2.4,2.9,1.5,0.2,1.6,1.9,7.4,2003
230,Chris Jefferies,SF,22.0,TOR,51.0,10.0,13.1,1.5,3.8,0.387,0.4,1.1,0.33299999999999996,1.1,2.7,0.40700000000000003,0.433,0.6,0.8,0.674,0.3,0.8,1.2,0.4,0.4,0.3,0.9,1.1,3.9,2003
231,Richard Jefferson,SF,22.0,NJN,80.0,80.0,36.0,5.7,11.4,0.501,0.1,0.3,0.25,5.6,11.1,0.507,0.504,4.1,5.5,0.743,1.9,4.6,6.4,2.5,1.0,0.6,2.0,2.7,15.5,2003
232,Jared Jeffries,SF,21.0,WAS,20.0,1.0,14.6,1.5,3.2,0.47600000000000003,0.2,0.3,0.5,1.4,2.9,0.474,0.5,0.8,1.5,0.552,1.3,1.6,2.9,0.8,0.4,0.3,1.1,1.4,4.0,2003
233,Anthony Johnson,PG,28.0,NJN,66.0,2.0,12.8,1.6,3.5,0.446,0.2,0.5,0.371,1.4,3.0,0.45899999999999996,0.474,0.8,1.1,0.6890000000000001,0.2,1.0,1.2,1.3,0.6,0.1,0.6,1.4,4.1,2003
234,Avery Johnson,PG,37.0,DAL,48.0,0.0,9.0,1.3,3.1,0.42,0.0,0.0,0.0,1.3,3.1,0.426,0.42,0.6,0.8,0.769,0.2,0.4,0.6,1.3,0.3,0.0,0.6,0.5,3.3,2003
235,Ervin Johnson,C,35.0,MIL,69.0,17.0,17.0,0.9,2.0,0.452,0.0,0.0,,0.9,2.0,0.452,0.452,0.4,0.6,0.682,1.7,2.6,4.3,0.3,0.5,0.9,0.5,2.6,2.2,2003
236,Joe Johnson,SG,21.0,PHO,82.0,34.0,27.5,3.9,9.7,0.397,0.9,2.5,0.366,2.9,7.2,0.408,0.444,1.2,1.5,0.774,0.7,2.5,3.2,2.6,0.8,0.2,1.3,1.7,9.8,2003
237,Ken Johnson,C,24.0,MIA,16.0,0.0,9.8,0.9,2.3,0.405,0.0,0.0,,0.9,2.3,0.405,0.405,0.1,0.4,0.33299999999999996,0.3,1.8,2.0,0.0,0.1,0.8,0.4,1.3,2.0,2003
239,Damon Jones,PG,26.0,SAC,49.0,1.0,14.5,1.6,4.3,0.381,0.9,2.5,0.364,0.7,1.8,0.40399999999999997,0.486,0.4,0.6,0.741,0.2,1.2,1.4,1.6,0.4,0.1,0.5,0.9,4.6,2003
240,Eddie Jones,SG,31.0,MIA,47.0,47.0,38.1,6.2,14.6,0.423,2.1,5.1,0.40700000000000003,4.1,9.5,0.43200000000000005,0.494,4.0,4.9,0.8220000000000001,0.7,4.1,4.8,3.7,1.4,0.7,1.8,2.9,18.5,2003
241,Fred Jones,SG,23.0,IND,19.0,1.0,6.1,0.5,1.3,0.375,0.1,0.4,0.28600000000000003,0.4,0.9,0.41200000000000003,0.41700000000000004,0.2,0.2,0.75,0.2,0.3,0.5,0.3,0.3,0.1,0.3,0.7,1.2,2003
242,Jumaine Jones,SF,23.0,CLE,80.0,12.0,27.6,3.9,8.9,0.434,1.4,3.9,0.354,2.5,5.0,0.49700000000000005,0.512,0.7,1.0,0.687,1.3,3.7,5.1,1.4,0.8,0.3,1.3,2.2,9.8,2003
243,Popeye Jones,PF,32.0,DAL,26.0,0.0,8.5,0.9,2.4,0.387,0.0,0.0,,0.9,2.4,0.387,0.387,0.2,0.4,0.455,1.1,1.2,2.3,0.3,0.2,0.0,0.6,1.2,2.0,2003
244,Michael Jordan,SF,39.0,WAS,82.0,67.0,37.0,8.3,18.6,0.445,0.2,0.7,0.29100000000000004,8.1,18.0,0.45,0.45,3.2,4.0,0.821,0.9,5.2,6.1,3.8,1.5,0.5,2.1,2.1,20.0,2003
245,Shawn Kemp,C,33.0,ORL,79.0,55.0,20.7,2.7,6.4,0.418,0.0,0.0,0.0,2.7,6.4,0.419,0.418,1.5,2.0,0.742,1.9,3.8,5.7,0.7,0.8,0.4,1.3,3.0,6.8,2003
246,Steve Kerr,PG,37.0,SAS,75.0,0.0,12.7,1.5,3.4,0.43,0.7,1.7,0.395,0.8,1.8,0.462,0.525,0.4,0.5,0.882,0.2,0.6,0.8,0.9,0.4,0.0,0.5,0.7,4.0,2003
247,Jason Kidd,PG,29.0,NJN,80.0,80.0,37.4,6.4,15.6,0.414,1.6,4.6,0.341,4.9,10.9,0.445,0.465,4.2,5.0,0.841,1.4,4.9,6.3,8.9,2.2,0.3,3.7,1.6,18.7,2003
248,Andrei Kirilenko,SF,21.0,UTA,80.0,11.0,27.7,3.9,8.0,0.491,0.5,1.4,0.325,3.5,6.6,0.527,0.519,3.7,4.6,0.8,1.8,3.4,5.3,1.7,1.5,2.2,1.7,2.3,12.0,2003
249,Kerry Kittles,SG,28.0,NJN,65.0,57.0,30.0,5.1,10.9,0.467,1.2,3.4,0.35600000000000004,3.9,7.6,0.516,0.522,1.6,2.1,0.785,0.8,3.1,3.9,2.6,1.6,0.5,0.8,1.7,13.0,2003
250,Brevin Knight,PG,27.0,MEM,55.0,4.0,16.9,1.8,4.1,0.425,0.0,0.1,0.25,1.7,4.0,0.43200000000000005,0.43,0.4,0.7,0.541,0.3,1.2,1.5,4.2,1.3,0.0,1.7,2.2,3.9,2003
251,Travis Knight,C,28.0,NYK,32.0,0.0,9.0,0.8,2.0,0.385,0.0,0.0,0.0,0.8,2.0,0.391,0.385,0.3,0.4,0.769,0.6,1.4,1.9,0.4,0.3,0.3,0.3,1.4,1.9,2003
252,Toni Kukoč,PF,34.0,MIL,63.0,0.0,27.0,4.0,9.2,0.43200000000000005,1.5,4.2,0.361,2.4,5.0,0.49,0.514,2.2,3.1,0.706,1.1,3.2,4.2,3.7,1.3,0.5,1.9,2.1,11.6,2003
253,Christian Laettner,PF,33.0,WAS,76.0,66.0,29.1,3.4,6.8,0.494,0.0,0.2,0.125,3.3,6.6,0.506,0.496,1.6,1.9,0.833,1.5,5.1,6.6,3.1,1.1,0.5,1.1,2.7,8.3,2003
254,Raef LaFrentz,C,26.0,DAL,69.0,43.0,23.3,3.9,7.4,0.518,0.7,1.7,0.405,3.2,5.8,0.55,0.563,0.9,1.3,0.682,1.8,3.0,4.8,0.8,0.5,1.3,0.7,3.8,9.3,2003
255,Sean Lampley,SF,23.0,MIA,35.0,0.0,13.9,1.6,3.7,0.434,0.0,0.1,0.0,1.6,3.6,0.44799999999999995,0.434,1.6,2.3,0.695,0.7,1.6,2.4,0.9,0.2,0.1,0.7,1.2,4.8,2003
256,Dan Langhi,SF,25.0,PHO,60.0,0.0,9.0,1.4,3.4,0.401,0.2,0.5,0.29,1.2,2.9,0.42100000000000004,0.423,0.2,0.3,0.6,0.3,1.1,1.5,0.4,0.3,0.1,0.3,1.0,3.1,2003
257,Voshon Lenard,SG,29.0,TOR,63.0,24.0,30.6,5.2,12.8,0.402,1.5,4.0,0.365,3.7,8.8,0.418,0.45899999999999996,2.5,3.1,0.804,0.8,2.6,3.4,2.3,0.9,0.3,1.6,2.5,14.3,2003
258,Rashard Lewis,SF,23.0,SEA,77.0,77.0,39.5,6.7,14.9,0.452,1.0,2.8,0.34600000000000003,5.8,12.1,0.47600000000000003,0.484,3.7,4.5,0.82,2.0,4.6,6.5,1.7,1.3,0.5,1.9,2.7,18.1,2003
260,Randy Livingston,PG,27.0,NOH,2.0,0.0,6.0,1.0,2.0,0.5,0.0,0.0,,1.0,2.0,0.5,0.5,1.0,1.0,1.0,0.0,0.0,0.0,0.5,0.0,0.0,0.0,0.0,3.0,2003
261,Art Long,PF,30.0,TOT,26.0,0.0,8.1,1.1,2.9,0.373,0.1,0.1,0.667,1.0,2.8,0.361,0.387,0.1,0.4,0.2,0.8,1.5,2.3,0.2,0.2,0.4,0.8,1.3,2.3,2003
264,Grant Long,PF,36.0,BOS,41.0,1.0,11.9,0.7,1.7,0.386,0.0,0.1,0.0,0.7,1.6,0.40299999999999997,0.386,0.4,0.6,0.7829999999999999,0.6,1.4,2.0,0.6,0.2,0.0,0.5,1.5,1.8,2003
265,Tyronn Lue,PG,25.0,WAS,75.0,24.0,26.5,3.3,7.6,0.433,0.8,2.3,0.341,2.5,5.3,0.474,0.485,1.2,1.4,0.875,0.3,1.7,2.0,3.5,0.6,0.0,1.0,2.0,8.6,2003
266,George Lynch,SG,32.0,NOH,81.0,32.0,18.5,1.8,4.4,0.409,0.3,1.0,0.354,1.5,3.5,0.425,0.44799999999999995,0.5,0.9,0.5539999999999999,1.7,2.6,4.4,1.3,0.8,0.2,0.6,1.7,4.5,2003
267,Todd MacCulloch,C,27.0,PHI,42.0,35.0,19.3,2.9,5.7,0.517,0.0,0.0,,2.9,5.7,0.517,0.517,1.3,1.9,0.6709999999999999,1.6,3.1,4.7,0.5,0.5,0.8,0.8,2.5,7.1,2003
268,Tito Maddox,SG,21.0,HOU,9.0,0.0,3.9,0.3,1.3,0.25,0.0,0.3,0.0,0.3,1.0,0.33299999999999996,0.25,0.6,0.9,0.625,0.1,0.7,0.8,0.6,0.3,0.1,0.3,0.4,1.2,2003
269,Mark Madsen,PF,27.0,LAL,54.0,22.0,14.5,1.3,3.0,0.423,0.0,0.0,,1.3,3.0,0.423,0.423,0.7,1.1,0.59,1.6,1.4,2.9,0.7,0.3,0.4,0.5,2.1,3.2,2003
270,Corey Maggette,SG,23.0,LAC,64.0,57.0,31.3,5.4,12.1,0.444,1.0,2.8,0.35,4.4,9.3,0.47100000000000003,0.484,5.1,6.3,0.802,1.2,3.8,5.0,1.9,0.9,0.3,2.3,3.0,16.8,2003
271,Jamaal Magloire,C,24.0,NOH,82.0,82.0,29.8,3.7,7.7,0.48,0.0,0.0,0.0,3.7,7.7,0.483,0.48,2.8,3.9,0.7170000000000001,3.2,5.7,8.8,1.1,0.6,1.4,1.9,3.4,10.3,2003
272,Karl Malone,PF,39.0,UTA,81.0,81.0,36.2,7.3,15.9,0.462,0.0,0.2,0.214,7.3,15.7,0.46399999999999997,0.46299999999999997,5.9,7.7,0.763,1.4,6.4,7.8,4.7,1.7,0.4,2.6,2.5,20.6,2003
273,Matt Maloney,PG,31.0,ATL,14.0,0.0,7.4,0.6,1.8,0.32,0.4,1.1,0.33299999999999996,0.2,0.7,0.3,0.42,0.2,0.4,0.6,0.1,0.4,0.5,1.2,0.3,0.0,0.4,0.6,1.7,2003
274,Danny Manning,PF,36.0,DET,13.0,0.0,6.8,1.0,2.5,0.406,0.2,0.6,0.375,0.8,1.8,0.41700000000000004,0.45299999999999996,0.4,0.5,0.833,0.5,0.8,1.4,0.5,0.7,0.2,0.5,0.8,2.6,2003
275,Stephon Marbury,PG,25.0,PHO,81.0,81.0,40.0,8.3,18.9,0.439,1.1,3.7,0.301,7.2,15.2,0.47200000000000003,0.46799999999999997,4.6,5.8,0.8029999999999999,0.7,2.6,3.2,8.1,1.3,0.2,3.2,2.5,22.3,2003
276,Shawn Marion,SF,24.0,PHO,81.0,81.0,41.6,8.2,18.1,0.452,1.7,4.5,0.387,6.4,13.6,0.473,0.5,3.1,3.6,0.851,2.5,7.1,9.5,2.4,2.3,1.2,1.9,2.6,21.2,2003
277,Sean Marks,PF,27.0,MIA,23.0,0.0,9.7,1.0,2.6,0.373,0.0,0.0,0.0,1.0,2.5,0.379,0.373,0.4,0.7,0.667,0.3,1.2,1.5,0.1,0.2,0.3,0.6,1.6,2.3,2003
278,Donny Marshall,SF,30.0,NJN,3.0,0.0,2.0,0.0,1.0,0.0,0.0,0.3,0.0,0.0,0.7,0.0,0.0,0.0,0.0,,0.0,1.0,1.0,0.0,0.0,0.0,0.3,0.0,0.0,2003
279,Donyell Marshall,PF,29.0,CHI,78.0,53.0,30.5,5.4,11.8,0.45899999999999996,0.4,1.1,0.379,5.0,10.7,0.467,0.47700000000000004,2.1,2.8,0.7559999999999999,3.0,6.0,9.0,1.8,1.2,1.1,1.7,3.0,13.4,2003
280,Kenyon Martin,PF,25.0,NJN,77.0,77.0,34.1,6.6,14.1,0.47,0.1,0.6,0.209,6.5,13.5,0.48100000000000004,0.475,3.3,5.1,0.653,2.1,6.2,8.3,2.4,1.3,0.9,2.5,3.8,16.7,2003
281,Jamal Mashburn,SF,30.0,NOH,82.0,81.0,40.5,8.2,19.3,0.42200000000000004,1.5,3.7,0.389,6.7,15.6,0.43,0.46,3.8,4.5,0.848,0.8,5.3,6.1,5.6,1.0,0.2,2.8,2.4,21.6,2003
283,Anthony Mason,C,36.0,MIL,65.0,58.0,32.6,2.9,6.0,0.486,0.0,0.0,0.0,2.9,6.0,0.48700000000000004,0.486,1.3,1.8,0.718,1.4,5.0,6.4,3.2,0.5,0.2,1.2,2.3,7.2,2003
284,Desmond Mason,SF,25.0,TOT,80.0,40.0,34.5,5.7,12.7,0.449,0.3,0.9,0.292,5.5,11.8,0.461,0.46,2.7,3.5,0.7490000000000001,1.9,4.6,6.5,2.0,0.8,0.4,1.4,2.6,14.3,2003
287,Roger Mason,SF,22.0,CHI,17.0,0.0,6.6,0.6,1.8,0.355,0.4,1.1,0.33299999999999996,0.3,0.8,0.385,0.452,0.1,0.1,1.0,0.1,0.6,0.7,0.7,0.2,0.0,0.3,1.2,1.8,2003
288,Tony Massenburg,C,35.0,UTA,58.0,1.0,13.7,1.8,4.0,0.44799999999999995,0.0,0.0,,1.8,4.0,0.44799999999999995,0.44799999999999995,1.1,1.4,0.774,1.0,1.7,2.7,0.3,0.3,0.3,0.9,2.5,4.7,2003
289,Walter McCarty,SF,28.0,BOS,82.0,8.0,23.8,2.1,5.1,0.414,1.1,3.0,0.36700000000000005,1.0,2.1,0.48200000000000004,0.523,0.7,1.2,0.622,0.8,2.7,3.5,1.3,1.0,0.3,0.8,2.3,6.1,2003
290,Amal McCaskill,C,29.0,ATL,11.0,0.0,6.4,0.4,1.5,0.235,0.0,0.0,,0.4,1.5,0.235,0.235,0.3,0.4,0.75,0.6,1.4,2.0,0.5,0.3,0.1,0.2,1.2,1.0,2003
291,Jelani McCoy,C,25.0,TOR,67.0,25.0,20.4,2.9,5.9,0.491,0.0,0.0,,2.9,5.9,0.491,0.491,1.0,1.9,0.5479999999999999,1.4,3.9,5.3,0.6,0.4,0.9,1.4,2.4,6.8,2003
292,Tracy McGrady,SG,23.0,ORL,75.0,74.0,39.4,11.1,24.2,0.457,2.3,6.0,0.386,8.7,18.2,0.48100000000000004,0.505,7.7,9.7,0.7929999999999999,1.6,4.9,6.5,5.5,1.7,0.8,2.6,2.1,32.1,2003
293,Jeff McInnis,PG,28.0,POR,75.0,1.0,17.5,2.5,5.6,0.444,0.1,0.5,0.171,2.4,5.2,0.469,0.452,0.7,0.9,0.746,0.3,1.0,1.3,2.3,0.3,0.0,1.0,1.6,5.8,2003
294,Aaron McKie,SF,30.0,PHI,80.0,40.0,29.7,3.6,8.3,0.429,0.5,1.4,0.33,3.1,6.9,0.449,0.457,1.4,1.7,0.836,0.8,3.6,4.4,3.5,1.6,0.1,1.4,2.2,9.0,2003
295,Stanislav Medvedenko,PF,23.0,LAL,58.0,10.0,10.7,1.9,4.4,0.434,0.0,0.0,0.0,1.9,4.4,0.43799999999999994,0.434,0.5,0.7,0.721,1.1,1.3,2.4,0.3,0.2,0.1,0.6,2.0,4.4,2003
296,Ron Mercer,SG,26.0,IND,72.0,3.0,23.2,3.4,8.3,0.409,0.0,0.2,0.188,3.3,8.1,0.415,0.41100000000000003,0.9,1.1,0.802,0.4,1.7,2.1,1.6,0.7,0.2,0.8,1.7,7.7,2003
297,Chris Mihm,C,23.0,CLE,52.0,0.0,15.6,2.2,5.5,0.40399999999999997,0.0,0.1,0.0,2.2,5.5,0.408,0.40399999999999997,1.5,2.0,0.7240000000000001,1.8,2.7,4.4,0.5,0.3,0.7,0.9,2.4,5.9,2003
298,Darius Miles,SF,21.0,CLE,67.0,62.0,30.0,3.9,9.6,0.41,0.0,0.2,0.0,3.9,9.4,0.419,0.41,1.4,2.3,0.594,1.7,3.7,5.4,2.6,1.0,1.0,2.7,2.4,9.2,2003
299,Andre Miller,PG,26.0,LAC,80.0,80.0,36.4,4.7,11.6,0.406,0.3,1.4,0.213,4.4,10.3,0.43200000000000005,0.419,3.9,4.9,0.795,1.1,2.9,4.0,6.7,1.2,0.1,2.6,2.5,13.6,2003
300,Brad Miller,C,26.0,IND,73.0,72.0,31.1,4.5,9.1,0.493,0.1,0.2,0.313,4.4,8.9,0.498,0.49700000000000005,4.0,4.9,0.818,2.5,5.7,8.3,2.6,0.9,0.6,1.6,2.8,13.1,2003
301,Mike Miller,SF,22.0,TOT,65.0,52.0,33.6,5.7,13.2,0.434,1.7,4.6,0.363,4.1,8.6,0.47200000000000003,0.498,2.4,2.9,0.8390000000000001,0.7,4.5,5.2,2.6,0.6,0.3,1.9,2.7,15.6,2003
304,Reggie Miller,SG,37.0,IND,70.0,70.0,30.2,4.0,9.1,0.441,1.6,4.5,0.355,2.4,4.6,0.527,0.53,3.0,3.3,0.9,0.3,2.2,2.5,2.4,0.9,0.1,0.9,1.3,12.6,2003
305,Chris Mills,PF,33.0,GSW,21.0,0.0,12.5,1.9,5.0,0.368,0.3,1.2,0.28,1.5,3.9,0.395,0.401,0.8,0.9,0.889,0.9,1.5,2.4,1.0,0.3,0.1,0.5,1.4,4.8,2003
306,Yao Ming,C,22.0,HOU,82.0,72.0,29.0,4.9,9.8,0.498,0.0,0.0,0.5,4.9,9.8,0.498,0.499,3.7,4.5,0.8109999999999999,2.4,5.8,8.2,1.7,0.4,1.8,2.1,2.8,13.5,2003
308,Cuttino Mobley,SG,27.0,HOU,73.0,73.0,41.7,6.3,14.6,0.434,1.5,4.4,0.35200000000000004,4.8,10.3,0.469,0.486,3.3,3.9,0.858,1.0,3.2,4.2,2.8,1.3,0.5,2.3,2.5,17.5,2003
309,Nazr Mohammed,C,25.0,ATL,35.0,0.0,12.7,1.9,4.5,0.42100000000000004,0.0,0.0,,1.9,4.5,0.42100000000000004,0.42100000000000004,0.7,1.2,0.634,1.3,2.3,3.7,0.2,0.5,0.6,0.7,2.3,4.6,2003
310,Jérôme Moïso,C,24.0,NOH,51.0,1.0,12.6,1.7,3.4,0.52,0.0,0.0,,1.7,3.4,0.52,0.52,0.5,0.8,0.659,1.2,2.3,3.5,0.4,0.4,0.9,0.9,1.7,4.0,2003
311,Mikki Moore,C,27.0,TOT,8.0,0.0,5.4,0.6,1.6,0.385,0.0,0.0,,0.6,1.6,0.385,0.385,1.0,1.3,0.8,0.8,0.3,1.0,0.4,0.0,0.5,0.3,0.9,2.3,2003
314,Terence Morris,SF,24.0,HOU,49.0,0.0,12.9,1.7,3.6,0.466,0.1,0.7,0.21899999999999997,1.5,2.9,0.521,0.486,0.2,0.3,0.7859999999999999,0.8,1.8,2.6,0.5,0.2,0.3,0.6,0.7,3.7,2003
315,Troy Murphy,PF,22.0,GSW,79.0,79.0,31.8,4.3,9.5,0.451,0.0,0.2,0.214,4.2,9.3,0.456,0.45299999999999996,3.1,3.7,0.841,2.9,7.3,10.2,1.3,0.8,0.4,1.4,3.1,11.7,2003
316,Ronald Murray,SG,23.0,TOT,14.0,0.0,4.4,0.8,2.2,0.355,0.0,0.4,0.0,0.8,1.9,0.423,0.355,0.4,0.6,0.625,0.0,0.3,0.3,0.4,0.3,0.0,0.6,0.0,1.9,2003
319,Tracy Murray,SF,31.0,LAL,31.0,0.0,6.2,0.7,2.3,0.324,0.3,1.2,0.21100000000000002,0.5,1.1,0.455,0.38,0.2,0.3,0.778,0.2,0.6,0.7,0.4,0.2,0.1,0.5,0.7,2.0,2003
320,Dikembe Mutombo,C,36.0,NJN,24.0,16.0,21.4,2.0,5.5,0.374,0.0,0.0,,2.0,5.5,0.374,0.374,1.7,2.3,0.727,2.3,4.1,6.4,0.8,0.2,1.5,1.4,2.3,5.8,2003
321,Mamadou N'Diaye,C,27.0,TOR,22.0,8.0,16.5,2.0,4.4,0.44799999999999995,0.0,0.0,,2.0,4.4,0.44799999999999995,0.44799999999999995,1.5,2.1,0.723,1.3,2.4,3.7,0.3,0.4,1.5,1.0,2.6,5.5,2003
322,Boštjan Nachbar,SF,22.0,HOU,14.0,1.0,5.5,0.8,2.2,0.355,0.1,0.7,0.2,0.6,1.5,0.429,0.387,0.4,0.7,0.5,0.2,0.6,0.8,0.2,0.1,0.1,0.4,0.9,2.1,2003
323,Lee Nailon,SF,27.0,NYK,38.0,0.0,10.7,2.2,5.0,0.442,0.0,0.0,0.0,2.2,5.0,0.444,0.442,1.1,1.3,0.8240000000000001,0.8,1.0,1.8,0.7,0.2,0.1,0.8,1.2,5.5,2003
324,Eduardo Nájera,SF,26.0,DAL,48.0,12.0,23.0,2.7,4.8,0.5579999999999999,0.0,0.0,0.0,2.7,4.8,0.561,0.5579999999999999,1.3,1.9,0.6809999999999999,1.9,2.8,4.6,1.0,0.8,0.5,0.5,2.7,6.7,2003
325,Steve Nash,PG,28.0,DAL,82.0,82.0,33.1,6.3,13.6,0.465,1.4,3.3,0.413,5.0,10.3,0.48200000000000004,0.515,3.8,4.1,0.909,0.8,2.1,2.9,7.3,1.0,0.1,2.3,1.6,17.7,2003
326,Rasho Nesterović,C,26.0,MIN,77.0,77.0,30.4,5.2,9.9,0.525,0.0,0.0,0.0,5.2,9.9,0.526,0.525,0.8,1.2,0.642,1.9,4.6,6.5,1.5,0.5,1.5,1.3,3.3,11.2,2003
327,Ira Newble,SF,28.0,ATL,73.0,45.0,26.5,3.2,6.4,0.495,0.4,1.2,0.381,2.7,5.2,0.52,0.529,1.0,1.2,0.778,1.2,2.5,3.7,1.4,0.7,0.4,0.9,2.4,7.7,2003
328,Moochie Norris,PG,29.0,HOU,82.0,3.0,16.8,1.6,4.0,0.406,0.1,0.5,0.244,1.5,3.5,0.43200000000000005,0.423,1.0,1.4,0.684,0.5,1.5,1.9,2.4,0.7,0.0,1.0,0.9,4.4,2003
329,Dirk Nowitzki,PF,24.0,DAL,80.0,80.0,39.0,8.6,18.6,0.46299999999999997,1.9,4.9,0.379,6.8,13.7,0.493,0.513,6.0,6.9,0.8809999999999999,1.0,8.9,9.9,3.0,1.4,1.0,1.9,2.6,25.1,2003
330,Jermaine O'Neal,PF,24.0,IND,77.0,76.0,37.2,7.9,16.4,0.484,0.1,0.3,0.33299999999999996,7.8,16.1,0.48700000000000004,0.48700000000000004,4.8,6.6,0.731,2.6,7.7,10.3,2.0,0.9,2.3,2.3,3.6,20.8,2003
331,Shaquille O'Neal,C,30.0,LAL,67.0,66.0,37.8,10.4,18.1,0.574,0.0,0.0,,10.4,18.1,0.574,0.574,6.7,10.8,0.622,3.9,7.2,11.1,3.1,0.6,2.4,2.9,3.4,27.5,2003
333,Charles Oakley,C,39.0,WAS,42.0,1.0,12.2,0.5,1.3,0.418,0.0,0.0,,0.5,1.3,0.418,0.418,0.7,0.8,0.8240000000000001,0.9,1.7,2.5,1.0,0.3,0.1,0.5,2.1,1.8,2003
334,Lamar Odom,SF,23.0,LAC,49.0,47.0,34.3,5.5,12.5,0.439,0.9,2.6,0.326,4.6,9.8,0.469,0.473,2.8,3.6,0.777,1.2,5.4,6.7,3.6,0.9,0.8,2.9,3.7,14.6,2003
335,Mehmet Okur,PF,23.0,DET,72.0,9.0,19.0,2.5,5.9,0.426,0.5,1.6,0.33899999999999997,2.0,4.3,0.457,0.47,1.3,1.8,0.733,1.6,3.0,4.7,1.0,0.3,0.5,0.9,2.3,6.9,2003
336,Dean Oliver,PG,24.0,GSW,15.0,0.0,6.2,0.5,1.9,0.24100000000000002,0.1,0.4,0.16699999999999998,0.4,1.5,0.261,0.259,0.5,0.5,0.875,0.5,0.5,1.1,1.5,0.5,0.0,0.7,0.6,1.5,2003
337,Kevin Ollie,PG,30.0,TOT,82.0,5.0,23.1,2.4,5.4,0.451,0.0,0.1,0.33299999999999996,2.4,5.3,0.45299999999999996,0.45399999999999996,1.6,2.2,0.753,0.3,1.9,2.2,3.5,0.8,0.1,0.9,1.5,6.5,2003
340,Michael Olowokandi,C,27.0,LAC,36.0,36.0,38.0,5.2,12.1,0.42700000000000005,0.0,0.0,,5.2,12.1,0.42700000000000005,0.42700000000000005,1.9,2.9,0.657,1.6,7.5,9.1,1.3,0.5,2.2,2.7,3.1,12.3,2003
341,Greg Ostertag,C,29.0,UTA,81.0,74.0,23.8,2.1,4.0,0.518,0.0,0.0,,2.1,4.0,0.518,0.518,1.2,2.4,0.51,2.2,4.0,6.2,0.7,0.2,1.8,1.3,2.9,5.4,2003
342,Bo Outlaw,C,31.0,PHO,80.0,20.0,22.5,1.9,3.5,0.55,0.0,0.0,0.0,1.9,3.5,0.5539999999999999,0.55,0.9,1.5,0.621,1.7,2.9,4.6,1.4,0.6,0.9,1.0,2.4,4.7,2003
343,Chris Owens,SF,23.0,MEM,1.0,0.0,6.0,2.0,3.0,0.667,0.0,0.0,,2.0,3.0,0.667,0.667,0.0,0.0,,1.0,0.0,1.0,0.0,0.0,0.0,1.0,0.0,4.0,2003
344,Olumide Oyedeji,C,21.0,ORL,27.0,3.0,5.4,0.4,0.9,0.435,0.0,0.0,,0.4,0.9,0.435,0.435,0.3,0.4,0.636,0.4,1.5,1.9,0.2,0.2,0.1,0.2,1.1,1.0,2003
345,Robert Pack,PG,33.0,NOH,28.0,4.0,15.7,1.9,4.6,0.40299999999999997,0.0,0.2,0.0,1.9,4.4,0.419,0.40299999999999997,1.5,2.0,0.745,0.4,1.4,1.8,2.9,0.9,0.0,1.4,1.3,5.2,2003
346,Scott Padgett,PF,26.0,UTA,82.0,2.0,16.1,2.1,5.2,0.402,0.5,1.6,0.33799999999999997,1.5,3.5,0.431,0.455,1.0,1.3,0.757,1.0,2.3,3.3,1.0,0.5,0.3,0.9,1.8,5.7,2003
347,Milt Palacio,PG,24.0,CLE,80.0,46.0,24.7,2.0,4.9,0.418,0.1,0.5,0.21600000000000003,1.9,4.4,0.439,0.428,0.8,1.1,0.747,0.6,2.3,2.9,3.2,0.9,0.2,1.6,2.1,5.0,2003
348,Jannero Pargo,PG,23.0,LAL,34.0,0.0,10.1,1.1,2.7,0.39799999999999996,0.2,0.7,0.292,0.9,2.0,0.435,0.435,0.1,0.1,1.0,0.3,0.8,1.1,1.1,0.4,0.1,0.7,1.3,2.5,2003
349,Smush Parker,PG,21.0,CLE,66.0,18.0,16.7,2.1,5.1,0.402,0.6,1.8,0.322,1.5,3.3,0.445,0.45899999999999996,1.5,1.8,0.831,0.4,1.4,1.8,2.5,0.7,0.2,2.0,1.6,6.2,2003
350,Tony Parker,PG,20.0,SAS,82.0,82.0,33.8,5.9,12.7,0.46399999999999997,1.0,3.0,0.337,4.9,9.8,0.503,0.503,2.7,3.5,0.755,0.4,2.2,2.6,5.3,0.9,0.0,2.4,2.1,15.5,2003
351,Cherokee Parks,PF,30.0,LAC,30.0,18.0,21.6,2.7,5.4,0.503,0.0,0.1,0.5,2.7,5.4,0.503,0.506,0.8,1.3,0.605,1.5,2.9,4.4,0.7,0.5,0.7,0.6,1.7,6.3,2003
352,Ruben Patterson,SF,27.0,POR,78.0,17.0,21.2,3.3,6.6,0.49200000000000005,0.0,0.3,0.15,3.2,6.4,0.506,0.495,1.8,2.8,0.627,1.5,1.8,3.4,1.3,0.9,0.4,1.5,2.1,8.3,2003
353,Gary Payton,PG,34.0,TOT,80.0,80.0,40.1,8.3,18.3,0.45399999999999996,0.7,2.3,0.297,7.6,16.1,0.47600000000000003,0.47200000000000003,3.1,4.4,0.71,1.0,3.2,4.2,8.3,1.7,0.3,2.3,2.3,20.4,2003
356,Anthony Peeler,SG,33.0,MIN,82.0,39.0,27.4,3.1,7.4,0.414,1.1,2.6,0.41,2.0,4.8,0.41600000000000004,0.485,0.5,0.6,0.78,0.5,2.5,2.9,3.0,0.9,0.2,1.0,2.0,7.7,2003
358,Wesley Person,SG,31.0,MEM,66.0,44.0,29.4,4.2,9.1,0.456,1.5,3.5,0.433,2.6,5.6,0.47,0.539,1.2,1.5,0.8140000000000001,0.4,2.5,2.9,1.7,0.6,0.3,0.8,1.0,11.0,2003
359,Morris Peterson,SF,25.0,TOR,82.0,80.0,36.0,5.1,13.1,0.392,1.4,4.2,0.337,3.7,8.9,0.418,0.446,2.4,3.0,0.789,1.2,3.2,4.4,2.3,1.1,0.4,1.6,2.8,14.1,2003
360,Eric Piatkowski,SG,32.0,LAC,62.0,26.0,21.9,3.4,7.2,0.47100000000000003,1.3,3.2,0.39799999999999996,2.1,4.0,0.531,0.561,1.6,2.0,0.828,0.7,1.8,2.5,1.1,0.5,0.1,0.9,1.5,9.7,2003
361,Paul Pierce,SG,25.0,BOS,79.0,79.0,39.2,8.4,20.2,0.41600000000000004,1.5,4.9,0.302,6.9,15.2,0.45399999999999996,0.45399999999999996,7.6,9.5,0.802,1.3,6.0,7.3,4.4,1.8,0.8,3.6,2.9,25.9,2003
362,Scottie Pippen,SF,37.0,POR,64.0,58.0,29.9,4.1,9.3,0.444,0.6,2.1,0.28600000000000003,3.5,7.3,0.489,0.47600000000000003,1.9,2.3,0.818,0.9,3.5,4.3,4.5,1.6,0.4,2.6,2.3,10.8,2003
363,Scot Pollard,C,27.0,SAC,23.0,0.0,14.1,1.7,3.8,0.46,0.0,0.0,,1.7,3.8,0.46,0.46,1.0,1.7,0.605,2.0,2.6,4.6,0.3,0.6,0.7,0.7,2.2,4.5,2003
364,James Posey,SF,26.0,TOT,83.0,71.0,30.3,3.7,9.1,0.41100000000000003,0.8,2.8,0.306,2.9,6.3,0.457,0.457,2.5,3.0,0.833,1.1,4.0,5.1,2.2,1.3,0.2,1.7,2.4,10.8,2003
367,Lavor Postell,SG,24.0,NYK,12.0,0.0,8.2,1.2,3.2,0.368,0.2,0.6,0.28600000000000003,1.0,2.6,0.387,0.395,1.1,1.3,0.867,0.1,0.3,0.3,0.3,0.2,0.0,0.6,0.8,3.6,2003
368,Vitaly Potapenko,C,27.0,SEA,26.0,2.0,15.5,1.6,3.6,0.441,0.0,0.0,,1.6,3.6,0.441,0.441,0.8,1.1,0.759,1.0,2.5,3.4,0.2,0.3,0.3,1.0,1.8,4.0,2003
369,Tayshaun Prince,SF,22.0,DET,42.0,5.0,10.4,1.3,2.8,0.449,0.5,1.1,0.426,0.8,1.7,0.465,0.534,0.3,0.4,0.647,0.1,1.0,1.1,0.6,0.2,0.3,0.5,0.6,3.3,2003
370,Joel Przybilla,C,23.0,MIL,32.0,17.0,17.1,0.6,1.4,0.391,0.0,0.0,,0.6,1.4,0.391,0.391,0.4,0.8,0.5,1.5,3.0,4.5,0.4,0.3,1.4,0.6,2.7,1.5,2003
371,Vladimir Radmanović,PF,22.0,SEA,72.0,16.0,26.5,3.8,9.3,0.41,1.4,4.1,0.355,2.4,5.2,0.45299999999999996,0.488,1.0,1.4,0.706,1.1,3.4,4.5,1.3,0.9,0.3,1.4,1.9,10.1,2003
372,Igor Rakočević,PG,24.0,MIN,42.0,0.0,5.8,0.5,1.4,0.379,0.1,0.3,0.41700000000000004,0.4,1.1,0.37,0.42200000000000004,0.7,0.9,0.8059999999999999,0.1,0.3,0.4,0.8,0.1,0.0,0.5,0.6,1.9,2003
373,Zach Randolph,PF,21.0,POR,77.0,11.0,16.9,3.4,6.7,0.513,0.0,0.1,0.0,3.4,6.6,0.518,0.513,1.6,2.1,0.758,1.8,2.6,4.5,0.5,0.5,0.2,0.8,1.8,8.4,2003
374,Theo Ratliff,C,29.0,ATL,81.0,81.0,31.1,3.4,7.3,0.46399999999999997,0.0,0.0,,3.4,7.3,0.46399999999999997,0.46399999999999997,1.9,2.6,0.72,1.9,5.6,7.5,0.9,0.7,3.2,1.7,3.3,8.7,2003
375,Željko Rebrača,C,30.0,DET,30.0,12.0,16.3,2.7,4.8,0.552,0.0,0.0,,2.7,4.8,0.552,0.552,1.3,1.6,0.792,0.9,2.2,3.1,0.3,0.2,0.6,1.0,2.6,6.6,2003
376,Michael Redd,SG,23.0,MIL,82.0,14.0,28.2,5.5,11.8,0.469,2.2,5.1,0.43799999999999994,3.3,6.8,0.49200000000000005,0.562,1.8,2.3,0.805,1.2,3.3,4.5,1.4,1.2,0.2,0.9,1.7,15.1,2003
377,Don Reid,PF,29.0,DET,1.0,0.0,10.0,0.0,3.0,0.0,0.0,0.0,,0.0,3.0,0.0,0.0,1.0,2.0,0.5,0.0,0.0,0.0,0.0,0.0,0.0,0.0,4.0,1.0,2003
378,Efthimis Rentzias,C,27.0,PHI,35.0,0.0,4.1,0.6,1.7,0.33899999999999997,0.1,0.2,0.5,0.5,1.5,0.314,0.373,0.2,0.3,0.889,0.3,0.5,0.7,0.2,0.2,0.1,0.1,0.6,1.5,2003
379,Glen Rice,SF,35.0,HOU,62.0,26.0,24.7,3.2,7.4,0.429,1.6,4.1,0.39799999999999996,1.5,3.3,0.46799999999999997,0.539,1.0,1.3,0.759,0.5,2.0,2.5,1.0,0.4,0.1,0.9,1.6,9.0,2003
381,Jason Richardson,SG,22.0,GSW,82.0,82.0,32.9,5.8,14.2,0.41,1.5,4.1,0.368,4.3,10.1,0.42700000000000005,0.46299999999999997,2.5,3.3,0.764,1.4,3.3,4.6,3.0,1.1,0.3,2.2,2.5,15.6,2003
382,Quentin Richardson,SG,22.0,LAC,59.0,13.0,23.2,3.4,9.3,0.37200000000000005,1.0,3.4,0.308,2.4,5.9,0.408,0.428,1.4,2.1,0.685,1.7,3.1,4.8,0.9,0.6,0.2,1.1,1.6,9.4,2003
383,Antoine Rigaudeau,SG,31.0,DAL,11.0,0.0,8.3,0.7,3.2,0.22899999999999998,0.1,0.5,0.2,0.6,2.7,0.233,0.243,0.0,0.0,,0.4,0.4,0.7,0.5,0.3,0.0,0.5,1.0,1.5,2003
384,Clifford Robinson,PF,36.0,DET,81.0,69.0,34.9,4.6,11.5,0.39799999999999996,1.1,3.2,0.336,3.5,8.3,0.42200000000000004,0.444,2.0,2.9,0.6759999999999999,1.0,2.9,3.9,3.3,1.1,1.1,2.0,3.2,12.2,2003
385,David Robinson,C,37.0,SAS,64.0,64.0,26.2,3.1,6.6,0.469,0.0,0.0,,3.1,6.6,0.469,0.469,2.4,3.3,0.71,2.5,5.4,7.9,1.0,0.8,1.7,1.3,2.0,8.5,2003
386,Eddie Robinson,SF,26.0,CHI,64.0,18.0,21.2,2.4,4.9,0.49200000000000005,0.0,0.2,0.214,2.4,4.7,0.505,0.49700000000000005,0.8,1.0,0.81,1.2,1.9,3.1,1.0,1.0,0.2,0.8,1.9,5.7,2003
387,Glenn Robinson,SF,30.0,ATL,69.0,68.0,37.6,7.8,18.1,0.43200000000000005,1.3,3.8,0.342,6.5,14.3,0.456,0.46799999999999997,3.9,4.4,0.8759999999999999,1.2,5.4,6.6,3.0,1.3,0.4,3.6,2.7,20.8,2003
388,Rodney Rogers,PF,31.0,NJN,68.0,0.0,19.2,2.7,6.7,0.402,0.6,1.9,0.33299999999999996,2.0,4.8,0.43,0.451,1.0,1.3,0.7559999999999999,0.9,3.0,3.9,1.6,0.7,0.5,1.3,2.8,7.0,2003
389,Sean Rooks,C,33.0,LAC,70.0,38.0,19.2,1.8,4.2,0.42100000000000004,0.0,0.0,0.0,1.8,4.2,0.42200000000000004,0.42100000000000004,0.7,0.8,0.81,0.8,2.3,3.1,1.0,0.5,0.6,0.9,2.5,4.2,2003
390,Jalen Rose,SF,30.0,CHI,82.0,82.0,40.9,7.8,19.3,0.406,1.6,4.4,0.37,6.2,14.9,0.41600000000000004,0.44799999999999995,4.9,5.7,0.8540000000000001,0.8,3.5,4.3,4.8,0.9,0.3,3.5,3.3,22.1,2003
391,Malik Rose,PF,28.0,SAS,79.0,13.0,24.5,3.7,8.0,0.45899999999999996,0.0,0.1,0.4,3.6,7.9,0.45899999999999996,0.46,3.1,3.9,0.7909999999999999,1.9,4.5,6.4,1.6,0.7,0.5,2.2,2.6,10.4,2003
392,Guy Rucker,PF,25.0,GSW,3.0,0.0,1.3,0.0,0.0,,0.0,0.0,,0.0,0.0,,,0.0,0.0,,0.0,0.3,0.3,0.3,0.0,0.0,0.0,0.3,0.0,2003
393,Kareem Rush,PG,22.0,LAL,76.0,0.0,11.5,1.3,3.2,0.39299999999999996,0.3,0.9,0.27899999999999997,1.0,2.3,0.43799999999999994,0.43200000000000005,0.2,0.3,0.696,0.3,0.9,1.2,0.9,0.1,0.1,0.8,0.9,3.0,2003
394,Bryon Russell,SF,32.0,WAS,70.0,23.0,19.8,1.5,4.4,0.353,0.7,2.0,0.32899999999999996,0.9,2.4,0.373,0.428,0.8,1.0,0.768,0.6,2.4,3.0,1.0,1.0,0.1,0.8,1.9,4.5,2003
395,Arvydas Sabonis,C,38.0,POR,78.0,1.0,15.5,2.2,4.6,0.47600000000000003,0.0,0.1,0.5,2.2,4.6,0.47600000000000003,0.48100000000000004,1.7,2.1,0.787,1.1,3.2,4.3,1.8,0.8,0.6,1.0,1.8,6.1,2003
396,John Salmons,PG,23.0,PHI,64.0,1.0,7.9,0.8,1.8,0.414,0.2,0.5,0.32299999999999995,0.6,1.3,0.447,0.457,0.4,0.5,0.743,0.3,0.7,0.9,0.7,0.3,0.1,0.5,0.8,2.1,2003
397,Soumaila Samake,C,24.0,LAL,13.0,1.0,5.9,0.8,1.8,0.41700000000000004,0.0,0.0,,0.8,1.8,0.41700000000000004,0.41700000000000004,0.2,0.2,1.0,0.8,1.0,1.8,0.3,0.0,0.4,0.2,1.0,1.7,2003
398,Jamal Sampson,PF,19.0,MIL,5.0,0.0,1.6,0.0,0.4,0.0,0.0,0.0,,0.0,0.4,0.0,0.0,0.0,0.0,,0.2,0.2,0.4,0.2,0.2,0.0,0.0,0.0,0.0,2003
399,Pepe Sánchez,PG,25.0,DET,9.0,0.0,4.1,0.0,0.6,0.0,0.0,0.0,,0.0,0.6,0.0,0.0,0.0,0.0,,0.4,0.2,0.7,0.9,0.6,0.0,0.2,0.3,0.0,2003
400,Jeryl Sasser,SG,23.0,ORL,75.0,4.0,13.7,0.9,2.8,0.309,0.2,0.6,0.295,0.7,2.2,0.313,0.341,0.7,1.0,0.679,0.9,1.6,2.5,0.9,0.6,0.2,0.5,1.2,2.6,2003
402,Kenny Satterfield,PG,21.0,TOT,39.0,6.0,12.9,1.4,4.7,0.301,0.1,0.7,0.179,1.3,4.0,0.32299999999999995,0.314,0.4,0.6,0.68,0.4,0.7,1.1,1.7,0.5,0.1,1.1,0.9,3.4,2003
405,Predrag Savović,SG,26.0,DEN,27.0,0.0,9.5,1.1,3.4,0.312,0.1,1.0,0.154,0.9,2.5,0.373,0.33299999999999996,0.8,1.1,0.7240000000000001,0.3,0.6,0.9,0.8,0.5,0.0,0.8,1.2,3.1,2003
406,Brian Scalabrine,PF,24.0,NJN,59.0,7.0,12.3,1.2,2.9,0.402,0.2,0.7,0.359,0.9,2.2,0.415,0.444,0.5,0.6,0.833,0.7,1.7,2.4,0.8,0.3,0.3,0.8,1.3,3.1,2003
407,Ansu Sesay,SF,26.0,SEA,45.0,4.0,10.0,0.9,2.4,0.38299999999999995,0.0,0.0,,0.9,2.4,0.38299999999999995,0.38299999999999995,0.3,0.5,0.5710000000000001,0.8,0.9,1.6,0.5,0.3,0.1,0.6,1.4,2.1,2003
408,Brian Shaw,PG,36.0,LAL,72.0,0.0,12.5,1.4,3.6,0.387,0.5,1.5,0.349,0.9,2.1,0.414,0.46,0.1,0.2,0.667,0.3,1.4,1.7,1.4,0.4,0.2,0.8,0.9,3.5,2003
409,Paul Shirley,PF,25.0,ATL,2.0,0.0,2.5,0.0,2.0,0.0,0.0,0.0,,0.0,2.0,0.0,0.0,0.0,0.0,,0.0,0.5,0.5,0.0,0.0,0.0,0.0,0.0,0.0,2003
410,Bobby Simmons,SG,22.0,WAS,36.0,2.0,10.5,1.2,3.1,0.39299999999999996,0.0,0.1,0.0,1.2,3.0,0.41100000000000003,0.39299999999999996,0.9,1.0,0.914,0.9,1.2,2.1,0.6,0.3,0.1,0.2,1.4,3.3,2003
411,Brian Skinner,PF,26.0,PHI,77.0,9.0,17.9,2.4,4.3,0.55,0.0,0.0,,2.4,4.3,0.55,0.55,1.3,2.1,0.602,1.8,3.0,4.8,0.2,0.6,0.7,0.8,2.3,6.0,2003
412,Reggie Slater,PF,32.0,MIN,26.0,0.0,5.4,1.0,1.9,0.54,0.0,0.0,,1.0,1.9,0.54,0.54,1.0,1.7,0.6,0.7,0.5,1.2,0.2,0.2,0.0,0.3,1.2,3.1,2003
413,Tamar Slay,SG,22.0,NJN,36.0,0.0,7.6,1.1,2.9,0.379,0.2,0.7,0.28,0.9,2.2,0.41,0.413,0.2,0.3,0.7,0.2,0.6,0.9,0.4,0.4,0.1,0.6,0.9,2.6,2003
414,Charles Smith,SG,27.0,POR,3.0,0.0,4.3,0.3,1.3,0.25,0.0,0.3,0.0,0.3,1.0,0.33299999999999996,0.25,1.0,1.3,0.75,0.0,0.0,0.0,0.3,0.3,0.0,0.3,1.0,1.7,2003
415,Joe Smith,SF,27.0,MIN,54.0,21.0,20.7,2.8,6.1,0.46,0.0,0.0,0.0,2.8,6.0,0.46299999999999997,0.46,1.9,2.4,0.779,2.1,2.9,5.0,0.7,0.3,1.0,0.8,3.2,7.5,2003
416,Steve Smith,SG,33.0,SAS,53.0,18.0,19.5,2.1,5.5,0.38799999999999996,0.7,2.2,0.331,1.4,3.3,0.428,0.455,1.8,2.2,0.833,0.4,1.5,1.9,1.3,0.5,0.2,0.8,1.5,6.8,2003
417,Eric Snow,PG,29.0,PHI,82.0,82.0,37.9,4.4,9.7,0.452,0.1,0.4,0.21899999999999997,4.3,9.4,0.462,0.456,4.0,4.6,0.858,0.9,2.8,3.7,6.6,1.6,0.1,2.4,2.9,12.9,2003
418,Latrell Sprewell,SF,32.0,NYK,74.0,73.0,38.6,6.1,15.2,0.40299999999999997,1.8,4.9,0.37200000000000005,4.3,10.4,0.41700000000000004,0.462,2.3,2.9,0.794,0.6,3.2,3.9,4.5,1.4,0.3,2.3,1.8,16.4,2003
419,Jerry Stackhouse,SG,28.0,WAS,70.0,70.0,39.2,7.0,17.2,0.409,1.0,3.5,0.29,6.0,13.7,0.439,0.43799999999999994,6.5,7.4,0.878,0.9,2.8,3.7,4.5,0.9,0.4,2.8,1.9,21.5,2003
420,Vladimir Stepania,C,26.0,MIA,79.0,6.0,20.2,2.3,5.4,0.433,0.0,0.0,,2.3,5.4,0.433,0.433,0.9,1.7,0.53,2.7,4.3,7.0,0.3,0.6,0.5,0.9,2.1,5.6,2003
421,DeShawn Stevenson,SG,21.0,UTA,61.0,8.0,12.5,1.9,4.7,0.401,0.1,0.2,0.33299999999999996,1.8,4.5,0.40399999999999997,0.408,0.8,1.1,0.691,0.4,1.0,1.4,0.7,0.4,0.1,0.8,0.9,4.6,2003
422,Michael Stewart,PF,27.0,CLE,47.0,0.0,5.3,0.3,0.8,0.37799999999999995,0.0,0.0,,0.3,0.8,0.37799999999999995,0.37799999999999995,0.2,0.3,0.667,0.4,0.8,1.2,0.1,0.0,0.3,0.2,0.9,0.8,2003
423,John Stockton,PG,40.0,UTA,82.0,82.0,27.7,3.8,7.8,0.483,0.4,1.0,0.363,3.4,6.8,0.5,0.505,2.9,3.5,0.826,0.6,1.8,2.5,7.7,1.7,0.2,2.2,2.2,10.8,2003
425,Peja Stojaković,SF,25.0,SAC,72.0,72.0,34.0,6.9,14.4,0.48100000000000004,2.2,5.6,0.382,4.8,8.7,0.545,0.556,3.2,3.7,0.875,0.8,4.7,5.5,2.0,1.0,0.1,1.4,2.0,19.2,2003
426,Damon Stoudamire,PG,29.0,POR,59.0,27.0,22.3,2.6,7.0,0.376,0.7,1.9,0.386,1.9,5.1,0.37200000000000005,0.429,0.9,1.1,0.7909999999999999,0.7,1.9,2.6,3.5,0.7,0.1,1.4,1.1,6.9,2003
427,Amar'e Stoudemire,PF,20.0,PHO,82.0,71.0,31.3,4.8,10.1,0.47200000000000003,0.0,0.1,0.2,4.8,10.0,0.47600000000000003,0.473,3.9,5.9,0.6609999999999999,3.0,5.7,8.8,1.0,0.8,1.1,2.3,3.3,13.5,2003
428,Erick Strickland,SG,29.0,IND,71.0,10.0,18.0,2.3,5.4,0.429,0.9,2.3,0.38799999999999996,1.4,3.1,0.45899999999999996,0.511,1.0,1.2,0.805,0.3,1.7,2.0,2.9,0.5,0.1,1.4,1.6,6.5,2003
429,Mark Strickland,SF,32.0,DAL,4.0,0.0,3.3,0.5,1.3,0.4,0.0,0.0,,0.5,1.3,0.4,0.4,0.0,0.0,,1.3,0.5,1.8,0.0,0.0,0.0,0.3,0.3,1.0,2003
430,Rod Strickland,PG,36.0,MIN,47.0,8.0,20.3,2.6,5.9,0.43200000000000005,0.0,0.2,0.091,2.5,5.7,0.446,0.433,1.7,2.3,0.738,0.4,1.6,2.0,4.6,1.0,0.1,1.6,1.2,6.8,2003
431,Bruno Šundov,C,22.0,BOS,26.0,0.0,5.3,0.5,2.2,0.25,0.2,0.6,0.25,0.4,1.5,0.25,0.28600000000000003,0.0,0.1,0.0,0.3,0.8,1.1,0.3,0.2,0.1,0.3,0.9,1.2,2003
432,Bob Sura,SG,29.0,GSW,55.0,0.0,20.5,2.5,6.0,0.41200000000000003,0.5,1.5,0.32899999999999996,1.9,4.4,0.44,0.45399999999999996,1.9,2.7,0.696,1.1,2.0,3.0,3.2,0.8,0.0,1.5,2.0,7.3,2003
433,Stromile Swift,PF,23.0,MEM,67.0,26.0,22.1,3.5,7.3,0.48100000000000004,0.0,0.0,0.0,3.5,7.3,0.483,0.48100000000000004,2.6,3.7,0.722,1.7,4.0,5.7,0.7,0.8,1.6,1.5,2.3,9.7,2003
434,Wally Szczerbiak,SF,25.0,MIN,52.0,42.0,35.3,6.8,14.0,0.48100000000000004,1.2,2.8,0.42100000000000004,5.6,11.2,0.49700000000000005,0.523,2.9,3.3,0.867,1.0,3.6,4.6,2.6,0.8,0.4,1.7,2.4,17.6,2003
435,Maurice Taylor,PF,26.0,HOU,67.0,9.0,20.6,3.4,8.0,0.43200000000000005,0.0,0.0,0.0,3.4,8.0,0.433,0.43200000000000005,1.5,2.1,0.725,1.4,2.1,3.6,1.0,0.3,0.3,1.5,2.3,8.4,2003
436,Jason Terry,PG,25.0,ATL,81.0,81.0,38.0,6.0,14.1,0.428,2.0,5.3,0.371,4.0,8.8,0.462,0.498,3.2,3.6,0.887,0.5,3.0,3.4,7.4,1.6,0.2,3.1,2.2,17.2,2003
437,Etan Thomas,PF,24.0,WAS,38.0,0.0,13.5,1.6,3.3,0.49200000000000005,0.0,0.0,,1.6,3.3,0.49200000000000005,0.49200000000000005,1.6,2.5,0.638,1.8,2.5,4.3,0.1,0.2,0.6,0.9,1.7,4.8,2003
438,Kenny Thomas,PF,25.0,TOT,66.0,42.0,30.0,3.9,8.5,0.465,0.0,0.0,,3.9,8.5,0.465,0.465,2.2,3.0,0.746,2.8,5.2,8.0,1.7,0.9,0.4,1.8,2.6,10.1,2003
441,Kurt Thomas,C,30.0,NYK,81.0,81.0,31.8,6.1,12.7,0.483,0.0,0.0,0.667,6.1,12.7,0.483,0.484,1.7,2.3,0.75,2.0,5.9,7.9,2.0,1.0,1.2,1.7,4.2,14.0,2003
442,Tim Thomas,SF,25.0,MIL,80.0,70.0,29.5,5.2,11.6,0.44299999999999995,1.2,3.3,0.366,3.9,8.3,0.474,0.495,1.8,2.3,0.78,1.2,3.7,4.9,1.3,0.9,0.6,1.7,3.2,13.3,2003
443,Jamaal Tinsley,PG,24.0,IND,73.0,69.0,30.6,3.0,7.6,0.396,0.6,2.3,0.27699999999999997,2.4,5.3,0.446,0.43700000000000006,1.1,1.5,0.7140000000000001,0.8,2.8,3.6,7.5,1.7,0.2,2.6,2.8,7.8,2003
444,Óscar Torres,SG,26.0,GSW,17.0,0.0,6.4,0.9,2.1,0.444,0.4,0.8,0.5379999999999999,0.5,1.4,0.391,0.542,0.8,1.2,0.7,0.2,0.5,0.7,0.2,0.2,0.1,0.5,0.5,3.1,2003
445,Robert Traylor,C,25.0,NOH,69.0,0.0,12.3,1.5,3.4,0.44299999999999995,0.0,0.0,0.33299999999999996,1.5,3.4,0.444,0.445,0.8,1.3,0.648,1.6,2.2,3.8,0.7,0.7,0.5,0.8,2.2,3.9,2003
446,Gary Trent,SF,28.0,MIN,80.0,22.0,15.3,2.6,4.9,0.535,0.0,0.0,0.0,2.6,4.8,0.537,0.535,0.8,1.3,0.594,1.3,2.3,3.6,1.0,0.4,0.3,0.7,1.8,6.0,2003
448,Jeff Trepagnier,SG,23.0,DEN,8.0,0.0,12.1,2.1,5.0,0.425,0.5,1.0,0.5,1.6,4.0,0.406,0.475,0.9,0.9,1.0,1.0,1.0,2.0,0.8,1.0,0.0,1.0,0.6,5.6,2003
449,Cezary Trybański,C,23.0,MEM,15.0,0.0,5.7,0.3,1.3,0.25,0.0,0.0,,0.3,1.3,0.25,0.25,0.3,0.7,0.4,0.4,0.5,0.9,0.1,0.0,0.4,0.5,0.9,0.9,2003
450,Jake Tsakalidis,C,23.0,PHO,33.0,27.0,16.5,1.8,4.1,0.452,0.0,0.0,,1.8,4.1,0.452,0.452,1.2,1.8,0.672,1.4,2.3,3.7,0.4,0.2,0.5,0.8,2.4,4.9,2003
451,Nikoloz Tskitishvili,SF,19.0,DEN,81.0,16.0,16.3,1.4,4.9,0.293,0.5,1.9,0.243,1.0,3.0,0.324,0.34,0.6,0.8,0.738,0.8,1.4,2.2,1.1,0.4,0.4,1.0,1.7,3.9,2003
452,Hedo Türkoğlu,SF,23.0,SAC,67.0,11.0,17.5,2.5,5.8,0.42200000000000004,0.4,1.2,0.37200000000000005,2.0,4.7,0.435,0.45899999999999996,1.3,1.6,0.8,0.5,2.3,2.8,1.3,0.4,0.2,0.7,1.9,6.7,2003
453,Nick Van Exel,SG,31.0,DAL,73.0,1.0,27.8,4.7,11.4,0.41200000000000003,1.6,4.3,0.37799999999999995,3.1,7.1,0.43200000000000005,0.483,1.5,2.0,0.764,0.5,2.4,2.8,4.3,0.6,0.1,1.7,1.2,12.5,2003
454,Keith Van Horn,PF,27.0,PHI,74.0,73.0,31.6,6.2,12.9,0.48200000000000004,0.9,2.4,0.369,5.3,10.5,0.508,0.516,2.6,3.2,0.804,2.1,4.9,7.1,1.3,0.9,0.4,2.0,3.4,15.9,2003
455,Jacque Vaughn,PG,27.0,ORL,80.0,48.0,21.1,2.3,5.1,0.44799999999999995,0.1,0.4,0.235,2.2,4.7,0.467,0.457,1.2,1.6,0.7759999999999999,0.3,1.2,1.5,2.9,0.8,0.0,1.2,2.1,5.9,2003
456,Jake Voskuhl,C,25.0,PHO,65.0,1.0,14.6,1.4,2.5,0.564,0.0,0.0,,1.4,2.5,0.564,0.564,1.0,1.5,0.667,1.5,2.0,3.5,0.6,0.3,0.4,0.7,2.6,3.8,2003
457,Dajuan Wagner,SG,19.0,CLE,47.0,24.0,29.5,4.7,12.9,0.369,1.2,3.7,0.316,3.6,9.2,0.39,0.414,2.7,3.4,0.8,0.4,1.3,1.7,2.8,0.8,0.1,1.8,2.3,13.4,2003
458,Antoine Walker,PF,26.0,BOS,78.0,78.0,41.5,7.7,19.9,0.38799999999999996,2.4,7.5,0.32299999999999995,5.3,12.5,0.42700000000000005,0.449,2.3,3.7,0.615,1.3,5.9,7.2,4.8,1.5,0.4,3.3,2.8,20.1,2003
459,Samaki Walker,C,26.0,LAL,67.0,39.0,18.6,1.7,4.1,0.42,0.0,0.0,0.0,1.7,4.1,0.42100000000000004,0.42,1.0,1.5,0.653,1.7,3.8,5.5,1.0,0.3,0.8,0.8,2.1,4.4,2003
460,Ben Wallace,C,28.0,DET,73.0,73.0,39.4,2.9,6.0,0.48100000000000004,0.0,0.1,0.16699999999999998,2.9,5.9,0.485,0.48200000000000004,1.2,2.6,0.45,4.0,11.4,15.4,1.6,1.4,3.2,1.2,2.5,6.9,2003
461,Gerald Wallace,SF,20.0,SAC,47.0,7.0,12.1,1.9,3.9,0.49200000000000005,0.0,0.1,0.25,1.9,3.8,0.49700000000000005,0.495,0.8,1.6,0.527,0.8,1.9,2.7,0.5,0.5,0.3,0.9,1.4,4.7,2003
462,Rasheed Wallace,PF,28.0,POR,74.0,74.0,36.3,7.0,14.8,0.47100000000000003,1.5,4.1,0.358,5.5,10.6,0.515,0.521,2.7,3.7,0.735,1.5,5.9,7.4,2.1,0.9,1.0,1.9,3.0,18.1,2003
463,Charlie Ward,PG,32.0,NYK,66.0,6.0,22.2,2.5,6.3,0.39899999999999997,1.5,4.0,0.37799999999999995,1.0,2.2,0.435,0.521,0.6,0.8,0.774,0.4,2.3,2.7,4.6,1.2,0.2,1.4,2.2,7.2,2003
464,Earl Watson,PG,23.0,MEM,79.0,2.0,17.3,2.2,4.9,0.435,0.4,1.2,0.341,1.8,3.8,0.46299999999999997,0.474,0.8,1.1,0.721,0.6,1.5,2.1,2.8,1.1,0.2,1.1,1.7,5.5,2003
465,Clarence Weatherspoon,PF,32.0,NYK,79.0,19.0,25.6,2.4,5.2,0.449,0.0,0.0,,2.4,5.2,0.449,0.449,1.9,2.5,0.768,2.7,4.9,7.6,0.9,0.9,0.5,0.8,2.2,6.6,2003
466,Chris Webber,PF,29.0,SAC,67.0,67.0,39.1,9.9,21.4,0.461,0.1,0.3,0.23800000000000002,9.8,21.1,0.465,0.46299999999999997,3.2,5.3,0.607,2.4,8.1,10.5,5.4,1.6,1.3,3.2,3.0,23.0,2003
467,Bonzi Wells,SG,26.0,POR,75.0,65.0,31.9,5.8,13.2,0.441,0.5,1.7,0.292,5.3,11.5,0.46399999999999997,0.461,3.0,4.2,0.722,1.3,3.9,5.3,3.3,1.6,0.2,2.9,2.9,15.2,2003
469,Jiří Welsch,SF,23.0,GSW,37.0,0.0,6.3,0.5,2.0,0.253,0.0,0.1,0.25,0.5,1.9,0.254,0.26,0.6,0.8,0.759,0.3,0.4,0.8,0.7,0.2,0.1,0.5,0.9,1.6,2003
470,David Wesley,SG,32.0,NOH,73.0,73.0,37.1,6.2,14.2,0.433,1.8,4.3,0.424,4.3,9.9,0.43700000000000006,0.498,2.5,3.2,0.7809999999999999,0.5,1.9,2.4,3.4,1.5,0.1,1.8,2.4,16.7,2003
471,Jahidi White,C,26.0,WAS,16.0,8.0,14.4,1.6,3.3,0.47200000000000003,0.0,0.0,,1.6,3.3,0.47200000000000003,0.47200000000000003,1.1,1.6,0.68,2.3,2.3,4.6,0.1,0.1,0.8,0.6,2.1,4.2,2003
472,Rodney White,SG,22.0,DEN,72.0,19.0,21.7,3.6,8.9,0.408,0.4,1.9,0.239,3.2,7.0,0.452,0.433,1.4,1.7,0.784,0.6,2.4,3.0,1.7,0.6,0.4,2.2,1.9,9.0,2003
473,Chris Whitney,PG,31.0,TOT,51.0,21.0,20.6,2.4,6.8,0.355,1.0,3.2,0.305,1.5,3.6,0.4,0.42700000000000005,1.1,1.4,0.826,0.1,1.3,1.3,2.8,0.6,0.0,1.4,1.8,7.0,2003
476,Chris Wilcox,PF,20.0,LAC,46.0,3.0,10.4,1.6,3.0,0.521,0.0,0.0,,1.6,3.0,0.521,0.521,0.5,1.1,0.5,0.7,1.6,2.3,0.5,0.2,0.3,0.6,1.4,3.7,2003
477,Mike Wilks,PG-SG,23.0,TOT,46.0,7.0,15.0,1.1,3.2,0.33799999999999997,0.2,0.8,0.28600000000000003,0.9,2.5,0.354,0.37200000000000005,0.8,1.0,0.787,0.4,1.1,1.5,2.0,0.6,0.1,0.6,1.5,3.2,2003
480,Aaron Williams,C,31.0,NJN,81.0,0.0,19.7,2.5,5.4,0.45299999999999996,0.0,0.0,0.0,2.5,5.4,0.45399999999999996,0.45299999999999996,1.3,1.6,0.785,1.7,2.4,4.1,1.1,0.3,0.7,1.0,2.5,6.2,2003
481,Alvin Williams,PG,28.0,TOR,78.0,78.0,33.8,5.1,11.6,0.43799999999999994,0.6,1.9,0.32899999999999996,4.5,9.7,0.45799999999999996,0.46399999999999997,2.4,3.1,0.782,0.7,2.4,3.1,5.3,1.4,0.3,1.6,2.2,13.2,2003
482,Brandon Williams,SF,27.0,ATL,6.0,0.0,3.2,0.2,1.2,0.14300000000000002,0.0,0.2,0.0,0.2,1.0,0.16699999999999998,0.14300000000000002,0.0,0.0,,0.3,0.0,0.3,0.0,0.3,0.0,0.5,0.7,0.3,2003
483,Eric Williams,SF,30.0,BOS,82.0,79.0,28.7,3.1,7.0,0.442,0.5,1.3,0.336,2.6,5.7,0.467,0.474,2.5,3.3,0.75,1.7,2.9,4.7,1.7,1.0,0.2,1.2,2.9,9.1,2003
484,Frank Williams,PG,22.0,NYK,21.0,0.0,8.0,0.4,1.6,0.273,0.3,0.8,0.375,0.1,0.8,0.17600000000000002,0.364,0.2,0.3,0.667,0.1,0.7,0.9,1.6,0.3,0.1,0.8,1.0,1.3,2003
485,Jason Williams,PG,27.0,MEM,76.0,76.0,31.7,4.4,11.3,0.38799999999999996,1.9,5.3,0.354,2.5,6.0,0.418,0.47100000000000003,1.4,1.7,0.84,0.3,2.5,2.8,8.3,1.2,0.1,2.2,1.7,12.1,2003
486,Jay Williams,PG,21.0,CHI,75.0,54.0,26.1,3.6,9.1,0.39899999999999997,0.9,2.7,0.322,2.8,6.4,0.431,0.446,1.4,2.1,0.64,0.4,2.2,2.6,4.7,1.1,0.2,2.3,2.4,9.5,2003
487,Jerome Williams,PF,29.0,TOR,71.0,63.0,33.0,3.8,7.5,0.499,0.0,0.1,0.16699999999999998,3.7,7.5,0.503,0.5,2.2,4.0,0.555,3.3,5.9,9.2,1.3,1.6,0.4,1.4,2.8,9.7,2003
488,Monty Williams,SF,31.0,PHI,21.0,2.0,13.1,1.6,3.8,0.425,0.0,0.1,0.0,1.6,3.7,0.436,0.425,1.1,1.5,0.75,0.6,1.6,2.1,1.2,0.6,0.2,0.8,1.6,4.4,2003
489,Scott Williams,C,34.0,PHO,69.0,33.0,12.6,1.7,4.2,0.41100000000000003,0.0,0.0,0.0,1.7,4.2,0.414,0.41100000000000003,0.5,0.6,0.7859999999999999,1.0,1.8,2.8,0.3,0.4,0.3,0.5,2.3,4.0,2003
490,Shammond Williams,PG,27.0,TOT,78.0,11.0,24.1,2.9,7.4,0.39399999999999996,1.2,3.3,0.35600000000000004,1.7,4.1,0.425,0.474,1.0,1.3,0.765,0.3,1.9,2.2,3.4,1.0,0.1,1.5,1.8,8.0,2003
493,Walt Williams,SF,32.0,DAL,66.0,1.0,17.6,2.0,5.2,0.39299999999999996,1.0,2.6,0.374,1.1,2.6,0.41200000000000003,0.48700000000000004,0.5,0.8,0.62,0.8,2.3,3.1,0.9,0.6,0.4,0.5,2.1,5.5,2003
494,Corliss Williamson,SF,29.0,DET,82.0,1.0,25.1,4.6,10.1,0.45299999999999996,0.0,0.1,0.182,4.5,9.9,0.456,0.45399999999999996,2.9,3.7,0.79,1.8,2.6,4.4,1.3,0.5,0.3,1.5,2.9,12.0,2003
496,Kevin Willis,C,40.0,SAS,71.0,6.0,11.8,1.7,3.6,0.479,0.0,0.0,0.0,1.7,3.6,0.48200000000000004,0.479,0.7,1.2,0.614,1.2,2.0,3.2,0.3,0.3,0.3,0.8,1.7,4.2,2003
497,Rubén Wolkowyski,PF,29.0,BOS,7.0,0.0,3.4,0.3,0.6,0.5,0.0,0.1,0.0,0.3,0.4,0.667,0.5,0.1,0.6,0.25,0.0,0.1,0.1,0.1,0.0,0.0,0.1,0.4,0.7,2003
498,Loren Woods,C,24.0,MIN,38.0,11.0,9.3,0.8,2.0,0.382,0.0,0.1,0.33299999999999996,0.7,1.9,0.384,0.38799999999999996,0.6,0.7,0.778,0.7,1.8,2.5,0.5,0.3,0.3,0.6,1.0,2.1,2003
499,Qyntel Woods,PF,21.0,POR,53.0,0.0,6.3,1.1,2.2,0.5,0.1,0.2,0.33299999999999996,1.1,2.1,0.514,0.513,0.1,0.4,0.35,0.3,0.7,1.0,0.2,0.3,0.0,0.4,0.7,2.4,2003
500,Metta World Peace,SF,23.0,IND,69.0,67.0,33.6,5.2,12.3,0.428,1.0,3.1,0.336,4.2,9.2,0.45799999999999996,0.47,4.0,5.4,0.736,1.5,3.8,5.2,2.9,2.3,0.7,2.1,3.5,15.5,2003
501,Lorenzen Wright,C,27.0,MEM,70.0,49.0,28.3,4.6,10.2,0.45399999999999996,0.0,0.1,0.0,4.6,10.2,0.457,0.45399999999999996,2.1,3.2,0.659,2.4,5.1,7.5,1.1,0.7,0.8,1.6,3.0,11.4,2003
502,Vincent Yarbrough,SG,21.0,DEN,59.0,39.0,23.4,2.8,7.3,0.39299999999999996,0.4,1.3,0.26899999999999996,2.5,5.9,0.42,0.41700000000000004,0.8,1.1,0.79,0.6,2.1,2.7,2.2,1.0,0.6,1.4,2.5,6.9,2003
503,Wang Zhizhi,C,25.0,LAC,41.0,1.0,10.0,1.5,4.0,0.38299999999999995,0.4,1.1,0.34,1.1,2.8,0.4,0.43200000000000005,1.0,1.4,0.7240000000000001,0.6,1.2,1.9,0.2,0.2,0.2,0.8,1.0,4.4,2003
